phi0,charge_fraction,Phi1,constraint,gauss_drift,A_slope,A_intercept,h0,phiA,Phi0,Phi2,T_MeV,mu_MeV,mu_over_T,s_over_T3,rho_over_T3,slope_identity_error,phiA_relative_spread
0.18,0.0,0.0,1.2494183465097617e-12,0.0,4.007894539694442,0.001486103797083502,0.06225402407476945,0.25859280196089895,0.0,-0.0,1003.7007035142728,0.0,0.0,17.032644901600907,0.0,7.277733971022826e-12,1.7554664765638243e-05
0.20252680499720538,0.0,0.0,1.2538237115201514e-12,0.0,4.009996037155695,0.0018810752322936787,0.062188790896739746,0.2910124826634058,0.0,-0.0,917.8681488105971,0.0,0.0,17.00588030790613,0.0,7.392308987164142e-12,1.5650998974005213e-05
0.22787281523542255,0.0,0.0,1.260360692330815e-12,0.0,4.01265757126352,0.002380929948252661,0.062106320517697336,0.3275140008668135,0.0,-0.0,839.4586494054766,0.0,0.0,16.97206353070282,0.0,7.492229059380406e-12,1.393457241261703e-05
0.2563908511963814,0.0,0.0,1.2680345662374726e-12,0.0,4.016028763903794,0.003013465389812161,0.062002095918797955,0.36861887658792525,0.0,-0.0,767.8430467655332,0.0,0.0,16.929358597549122,0.0,7.158718062783009e-12,1.2057290816279497e-05
0.28847788846287237,0.0,0.0,1.279840401905988e-12,0.0,4.0202994350505685,0.003813814481122675,0.061870439097756434,0.4149186401693806,0.0,-0.0,702.4473741162084,0.0,0.0,16.8754648893828,0.0,7.186029549188788e-12,1.069161581441877e-05
0.3245805836818096,0.0,0.0,1.294182538913446e-12,0.0,4.025710535800155,0.004826363098593327,0.06170422636252599,0.46708577516774874,0.0,-0.0,642.74824710513,0.0,0.0,16.807507576976494,0.0,7.183365013929688e-12,9.460806952963522e-06
0.36520149209558317,0.0,0.0,1.309246044911527e-12,0.0,4.032568133057315,0.006107158417685172,0.061494542145855556,0.5258870852491474,0.0,-0.0,588.2686504622918,0.0,0.0,16.721907120225932,0.0,7.129852264142755e-12,8.340733273083536e-06
0.4109060631907257,0.0,0.0,1.3321255210030354e-12,0.0,4.041261342212235,0.007726928443811914,0.06123026330059343,0.5922003402387164,0.0,-0.0,538.5740720433971,0.0,0.0,16.61422695770739,0.0,7.37276906193074e-12,7.518380766595803e-06
0.46233051184443036,0.0,0.0,1.360547203189107e-12,0.0,4.052285391657446,0.009774859825589158,0.060897568425984094,0.6670354763973375,0.0,-0.0,493.2689356283271,0.0,0.0,16.479000862058772,0.0,7.1596062412027095e-12,6.562790704885037e-06
0.5201906745365283,0.0,0.0,1.3984902107791507e-12,0.0,4.0662713945699585,0.012363312926194112,0.06047937261665522,0.7515622809487104,0.0,-0.0,451.99328408722874,0.0,0.0,16.309545714749454,0.0,7.232214827013195e-12,5.845447388527226e-06
0.5852919739068012,0.0,0.0,1.4487966382148251e-12,0.0,4.084024941310428,0.015633691418145898,0.05995469923287347,0.8471475576272242,0.0,-0.0,414.4196484885931,0.0,0.0,16.097772716897563,0.0,7.1318506655870806e-12,5.156403175996025e-06
0.6585406303658453,0.0,0.0,1.5091538117311191e-12,0.0,4.106576370898429,0.019763729458821367,0.05929801999501281,0.9554064611224942,0.0,-0.0,380.25003434629497,0.0,0.0,15.834021731001767,0.0,7.284839398380427e-12,4.625021363774244e-06
0.7409562768268907,0.0,0.0,1.598294829815742e-12,0.0,4.135246618177607,0.024976517473802595,0.05847862730819531,1.0782754687169598,0.0,-0.0,349.2129294130007,0.0,0.0,15.506961295391788,0.0,7.154055126079584e-12,4.085045549028163e-06
0.8336861521576391,0.0,0.0,1.7082567374430303e-12,0.0,4.171733985662928,0.03155166415872627,0.05746015392897086,1.2181189372468455,0.0,-0.0,321.06022210038986,0.0,0.0,15.10362262675212,0.0,7.1807004786705875e-12,3.6468505508818182e-06
0.938021070927226,0.0,0.0,1.8606272078609905e-12,0.0,4.218229221166325,0.03983910288296966,0.056200431269357295,1.3778885638211626,0.0,-0.0,295.56387896597175,0.0,0.0,14.609670485967657,0.0,7.217781927693068e-12,3.270562125641633e-06
1.0554133917497115,0.0,0.0,2.0769164165652073e-12,0.0,4.2775691133230715,0.05027622089042696,0.054651983625786396,1.5613670500925425,0.0,-0.0,272.5121994562369,0.0,0.0,14.010055079036663,0.0,6.7914562862370076e-12,2.8528352750549028e-06
1.1874972343462942,0.0,0.0,2.3785927297559576e-12,0.0,4.353442718188153,0.06340926447609613,0.052763589281380675,1.7735469715913512,0.0,-0.0,251.70541712050613,0.0,0.0,13.290228411272192,0.0,6.569189636707051e-12,2.5419481526023124e-06
1.3361112267509592,0.0,0.0,2.818296707111283e-12,0.0,4.450669598907314,0.07992041896103178,0.05048348060070192,2.0212283018274473,0.0,-0.0,232.9503799043885,0.0,0.0,12.438124028507335,0.0,6.496803095501491e-12,2.304327811287856e-06
1.503324099304269,0.0,0.0,3.474980303508339e-12,0.0,4.575576337888147,0.10066266346996679,0.047764846803418144,2.3139723125571514,0.0,-0.0,216.05401719192022,0.0,0.0,11.447048743041467,0.0,6.335154623116068e-12,2.1057157744526344e-06
1.6914634817077507,0.0,0.0,4.497593408807695e-12,0.0,4.736506049350057,0.12670553753055136,0.04457422565981263,2.6656423998829,0.0,-0.0,200.81532489947682,0.0,0.0,10.319452573144599,0.0,5.444755757366693e-12,1.8671779828586297e-06
1.903148303998443,0.0,0.0,6.168079380586218e-12,0.0,4.944504984988455,0.15939634593407104,0.04090292462271064,3.096926800919047,0.0,-0.0,187.0157199956002,0.0,0.0,9.07115297967643,0.0,4.9249493372371944e-12,1.7522365884199618e-06
2.1413252524703053,0.0,0.0,9.025589357208553e-12,0.0,5.214238452568224,0.20044292223128657,0.03678055040250366,3.639542270810052,0.0,-0.0,174.4079330031838,0.0,0.0,7.734963777885095,0.0,3.4507952051399116e-12,1.6239729840864385e-06
2.4093097880146943,0.0,0.0,1.4205738806865225e-11,0.0,5.565190467150096,0.2520254083252291,0.03228791006910406,4.3434080960027845,0.0,-0.0,162.70428065230578,0.0,0.0,6.361958777320016,0.0,8.681944052568724e-13,1.5330122184150485e-06
2.7108322978617245,0.0,0.0,2.4208759441534898e-11,0.0,6.023189731012661,0.3169446379919979,0.02756429648505599,5.289282393951403,0.0,-0.0,151.5664460094221,0.0,0.0,5.0182387220905715,0.0,4.750533300068582e-12,1.4189356908390867e-06
3.050090023162044,0.0,0.0,4.4847129893678375e-11,0.0,6.6222692517298976,0.3988119902369481,0.022802703009652963,6.611919521885123,0.0,-0.0,140.60115064461488,0.0,0.0,3.7758127156041,0.0,1.5662360297596933e-11,1.3520860882863796e-06
3.431805485249227,0.0,0.0,9.055341364685622e-11,0.0,7.406809595816318,0.5022774641454929,0.01822794203611516,8.544546954436937,0.0,-0.0,129.3696802447677,0.0,0.0,2.698593106769861,0.0,3.897004940967008e-11,1.365566069395648e-06
3.861292223885612,0.0,0.0,1.9926950922334235e-10,0.0,8.433884543282602,0.6332757432521579,0.014058684900660597,11.508924243055302,0.0,-0.0,117.42394968496093,0.0,0.0,1.827881317704563,0.0,9.597700412200538e-11,1.3116536374178294e-06
4.344528762578371,0.0,0.0,4.770488715166698e-10,0.0,9.775887178009754,0.7992402075388871,0.010463756824519355,16.30845602700038,0.0,-0.0,104.3853125521188,0.0,0.0,1.1737143264121614,0.0,2.4047153157624734e-10,1.3178900291459538e-06
4.888241830574778,0.0,0.0,1.2395918247420812e-09,0.0,11.524220407873345,1.0091879182373278,0.007529686380843605,24.56801172817903,0.0,-0.0,90.07702470378479,0.0,0.0,0.7164671453905056,0.0,6.377146588576466e-10,1.3013228010082685e-06
5.5,0.0,0.0,3.4915437652216487e-09,0.0,13.796622135552557,1.273505292668408,0.005253569217337721,39.79870823097478,0.0,-0.0,74.6932557216259,0.0,0.0,0.41755398830138074,0.0,1.8101770082878943e-09,1.3309081241267505e-06
0.18,0.18,1.4572087314112425,9.862333172350044e-13,2.220446049250313e-16,3.877912999101826,0.0014741131879787734,0.06649727935112802,0.2550819429101677,0.187558008213014,-0.06913126883444327,981.3087952552321,2312.869704256847,2.356923442895755,18.80341641759761,0.8022865011718874,7.559952663882541e-12,1.7744156150442635e-05
0.20252680499720538,0.18,1.458140817693286,9.917755504517413e-13,4.440892098500626e-16,3.8799132062267696,0.0018659254036069918,0.0664287344945202,0.28706754178284744,0.18751250534470423,-0.0691389272625531,897.3689912789182,2114.5168915828503,2.3563516369885584,18.774350297228725,0.8015482972003315,7.353007092092412e-12,1.546188750991377e-05
0.22787281523542255,0.18,1.4593242475815842,9.96419445567683e-13,2.220446049250313e-16,3.8824466246863567,0.002361798874153868,0.06634206910508905,0.32308340728236984,0.1874516401474692,-0.06914847909878472,820.6841028006041,1933.1926250522015,2.355586782362587,18.737621713112546,0.8006131604067568,7.505995824885758e-12,1.3811005429777759e-05
0.2563908511963814,0.18,1.4608279938684188,1.003144234346109e-12,2.220446049250313e-16,3.8856558166500097,0.0029893239338275785,0.0662325295445317,0.36364571188874695,0.187371780342213,-0.06916033932516642,750.6388190382261,1767.4415784366663,2.3545832344525466,18.691233424336527,0.7994283348650357,7.6287864914093e-12,1.2317267248911493e-05
0.28847788846287237,0.18,1.4627407249011855,1.0112577151761472e-12,2.220446049250313e-16,3.889721716690167,0.003783378862292084,0.06609413707424305,0.4093405783819636,0.18726819635046443,-0.0691749767347888,686.6714988050426,1615.9313756562638,2.35328155962252,18.632681208164744,0.7979267753170837,7.366995902202689e-12,1.0689809178492028e-05
0.3245805836818096,0.18,1.4651769308812104,1.0225434861137378e-12,2.220446049250313e-16,3.894874117257957,0.004788039772919291,0.06591938522744545,0.4608353143109598,0.1871347525034171,-0.06919289091055489,628.2697192359476,1477.4419962152904,2.351604654784317,18.558833306207422,0.796023161583685,7.393863299398618e-12,9.487457334557495e-06
0.36520149209558317,0.18,1.4682852848032875,1.0365397429268337e-12,2.220446049250313e-16,3.9014051158741787,0.006058983054455203,0.0656988702828997,0.518892285583229,0.18696349140793433,-0.06921455759140531,574.966160754998,1350.8556978227361,2.3494525243866597,18.46578611850675,0.7936087162631738,7.400302592941443e-12,8.396999887903529e-06
0.4109060631907257,0.18,1.4722602625555548,1.0543026130364817e-12,4.440892098500626e-16,3.909686419796049,0.0076665035623131005,0.0654208448658701,0.5843864155341023,0.18674406713176497,-0.06924031602390054,526.334798579718,1235.147323108937,2.346695157610528,18.348694548934247,0.7905444059052096,7.319478356748732e-12,7.397954095568116e-06
0.46233051184443036,0.18,1.4773586400120224,1.0773248959591515e-12,2.220446049250313e-16,3.9201917104922344,0.009699301561204592,0.06507068641414508,0.658327794339701,0.186462958966616,-0.06927015178819498,481.987363952228,1129.3747881290694,2.3431626482245433,18.201577550249453,0.7866519205603923,7.552181102710165e-12,6.656412026557871e-06
0.5201906745365283,0.18,1.4839234887880055,1.1073097994085397e-12,4.440892098500626e-16,3.9335257024168,0.012269228427429236,0.06463027672806294,0.7418916933776016,0.1861023585930129,-0.0693032934263194,441.570021791588,1032.6694344885523,2.338631210286171,18.017103423374756,0.7817015427282178,7.296829807046379e-12,5.795972400334421e-06
0.5852919739068012,0.18,1.492420027324537,1.1476686267996844e-12,2.220446049250313e-16,3.9504621502922466,0.015517228370182953,0.06407729792835645,0.8364595605131759,0.18563855988946068,-0.06933747986425116,404.76021007622575,944.2258096340889,2.332802943886874,17.78636633378087,0.7753955825459395,7.255751555135248e-12,5.131862606956453e-06
0.6585406303658453,0.18,1.5034907443896524,1.1975767834929521e-12,2.220446049250313e-16,3.971993963000963,0.019620776427797304,0.06338446668216702,0.9436766836203692,0.18503957805296772,-0.06936764928580001,371.2635666160628,863.2902299919137,2.325275916138234,17.49867677241466,0.7673454070655029,7.425393633297972e-12,4.613591740684003e-06
0.7409562768268907,0.18,1.5180427165864718,1.2667239314809774e-12,4.440892098500626e-16,3.9993999205672943,0.024803200422375164,0.06251875670390762,1.0655356218541843,0.18426156530512286,-0.06938361833814598,340.810864945723,789.1472577340217,2.3154991196061196,17.141406236165743,0.7570391808533496,7.391642853349367e-12,4.09225283018904e-06
0.8336861521576391,0.18,1.53739012642666,1.3596945791505272e-12,2.220446049250313e-16,4.034334489393853,0.031345404059461186,0.06144070551157695,1.204500069776602,0.18324336424631796,-0.06936601881966457,313.1548745486184,721.1029909299076,2.302704027741244,16.699952632018945,0.7437963509109612,7.431388837630948e-12,3.660789093640022e-06
0.938021070927226,0.18,1.5634937843529217,1.4789236502110718e-12,2.220446049250313e-16,4.0789502006404135,0.0396007073000703,0.06010397480700524,1.363692767658973,0.18189828951330178,-0.06927928816270781,288.0670766009876,658.4641039840282,2.285801320142153,16.1579306218374,0.7267042339348049,7.136069513080656e-12,3.204941255738992e-06
1.0554133917497115,0.18,1.5993750334089873,1.6515855350007712e-12,2.220446049250313e-16,4.13606631585113,0.05001382621187529,0.058455450675537084,1.547185107456003,0.18010219174426584,-0.06905987271714169,265.3342294152239,600.5126241648117,2.263230889916823,15.497743478133026,0.7045338543564698,7.155609438314059e-12,2.8800196915752865e-06
1.1874972343462942,0.18,1.6498496230507533,1.8869171785960794e-12,2.220446049250313e-16,4.209402990284431,0.0631454523376743,0.056436359274678036,1.7604470391303821,0.1776778609950864,-0.06859725758202873,244.7549305690584,546.4804508949707,2.2327658512308477,14.701763515456665,0.675642286706264,7.000178214866537e-12,2.570066241360544e-06
1.3361112267509592,0.18,1.7228593579042715,2.2333779270409792e-12,2.220446049250313e-16,4.30390515953452,0.07970437714687208,0.05398518756644109,2.0110444560065717,0.1743801808575201,-0.06770607871382626,226.13659477107822,495.5389952533927,2.191325980454579,13.754438642234579,0.6379011078794969,6.893818849107447e-12,2.3233486431547358e-06
1.503324099304269,0.18,1.8319390827571926,2.7424550465460342e-12,3.3306690738754696e-16,4.4261787382729,0.10058921162590863,0.05104369496653123,2.3097050116968294,0.16989928733259296,-0.06609256413792232,209.29352202724857,446.8453136919082,2.1350174117368623,12.64573583735362,0.5887701529979641,6.732392421326949e-12,2.1129024795575915e-06
1.6914634817077507,0.18,2.0008826619645808,3.5241398602793693e-12,2.220446049250313e-16,4.585040341506003,0.12694043120162443,0.047567867011105124,2.6719117384805684,0.1639273991529559,-0.06333416607236503,194.0462312044735,399.72989061880196,2.0599724516040316,11.37631123022768,0.5257784892466987,6.286526854637486e-12,1.915229566974229e-06
1.903148303998443,0.18,2.2728236268652897,4.773202043117312e-12,4.440892098500626e-16,4.792134436096445,0.16020005296448606,0.04354537289725243,3.120275077410654,0.1563741199330973,-0.058921503867528424,180.2191493814721,354.1405668229502,1.9650551455735508,9.96423517757281,0.44778229394539476,5.728528762460883e-12,1.7662921835581164e-06
2.1413252524703053,0.18,2.7288657642248544,6.857305834271079e-12,2.220446049250313e-16,5.062563098036925,0.20217582592423602,0.03901746969225319,3.688317442504031,0.1478096254796813,-0.05243236186893059,167.62711022866023,311.3557128895891,1.8574305341473023,8.451223767509301,0.3570340226591566,4.233946526710497e-12,1.5920954364488912e-06
2.4093097880146943,0.18,3.530101483296894,1.0503240051203122e-11,4.440892098500626e-16,5.41568457080565,0.25512556415099114,0.034095202718783975,4.427475353551727,0.14006672028180853,-0.043837357942290656,156.03930300702098,274.6495079908799,1.7601303177989847,6.903524393997189,0.2608487311321465,2.3712143359944093e-12,1.4960106057708114e-06
2.7108322978617245,0.18,5.025634712913009,1.746191805691372e-11,3.3306690738754696e-16,5.8766203040965515,0.3219134295104236,0.028956411341843052,5.421178674630884,0.1367687786363515,-0.033746024707703146,145.13108326586817,249.4349294446038,1.7186871608176422,5.403162814911447,0.1705369288144525,1.2080336730946328e-12,1.426650849589382e-06
3.050090023162044,0.18,8.07195616968551,3.178442398166223e-11,4.440892098500626e-16,6.478788492276989,0.4062727378778089,0.02382387467158109,6.8120963717172796,0.14403277542449364,-0.023341403465440988,134.46659592768896,243.3804019792988,1.809969236598951,4.032269417880943,0.09704886070152248,8.318457034306448e-12,1.4060515738328146e-06
3.431805485249227,0.18,15.12537169762676,6.234017746464813e-11,2.220446049250313e-16,7.266710462506814,0.5131087486177863,0.018937571575269686,8.853180308133783,0.17345748683687867,-0.01402451145753767,123.539879716968,269.28371363825744,2.179731065427545,2.8577048986220435,0.04635142697383355,2.4497737172168854e-11,1.3461205517698937e-06
3.861292223885612,0.18,34.71156808433999,1.3228174111645783e-10,2.220446049250313e-16,8.298156368896805,0.6487449336335055,0.014522345716340361,12.008942964581935,0.25478046366468327,-0.006967900729713114,111.85340136288612,358.1172021186095,3.2016657317086805,1.919049182708948,0.01765996367813833,6.061473545315721e-11,1.3564691422471008e-06
4.344528762578371,0.18,104.60346287833038,3.0432197937292365e-10,2.220446049250313e-16,9.646163106919165,0.8211101887409699,0.010747087816813482,17.17594668421985,0.49128541296687506,-0.0026681186834408392,99.0153105206119,611.2883052721136,6.17367457677025,1.221707232105012,0.005004342456203841,1.5085666049685642e-10,1.2889852437905981e-06
4.888241830574778,0.18,456.5740175438158,7.598282535979489e-10,4.440892098500626e-16,11.402673123756458,1.0398574019075137,0.007691067982777483,26.199030463377174,1.3713856291487772,-0.000713628738934853,84.87054617231793,1462.6029842066716,17.23334007108966,0.7396238782732575,0.0009578776975381519,3.879824239660934e-10,1.2914575474934214e-06
5.5,0.18,3312.041510599854,2.075022536018877e-09,2.220446049250313e-16,13.68646609975775,1.316233231035898,0.005338476643757777,43.15807979196475,6.366663829932876,-0.00011623427729708986,69.6637781841754,5573.510293872138,80.00585726397193,0.42771744989678023,0.00010829356396082543,1.0733165467513572e-09,1.2527422401674123e-06
0.18,0.32,2.5905933002866535,5.037605150779899e-13,3.3306690738754696e-16,3.5970880820199675,0.0014471226469676235,0.07728547045823136,0.2472262186120719,0.35946623461526384,-0.132494847656859,932.1831671005415,4210.844684300938,4.517185927523591,23.56013262004187,1.7870961741646545,7.701395077219786e-12,1.7590479810727593e-05
0.20252680499720538,0.32,2.592250342565842,5.0604853640834e-13,3.3306690738754696e-16,3.5988693220103767,0.0018318201230256073,0.07720898537897057,0.2782398606729598,0.3593877547125896,-0.13251225461148486,852.397392933649,3849.5968672793165,4.516199719980808,23.525167069095833,1.7855621390817282,7.646772104408228e-12,1.5450499300616226e-05
0.22787281523542255,0.32,2.5943542179228167,5.07681159099014e-13,2.220446049250313e-16,3.601125800889438,0.0023187255524477865,0.07711225681638159,0.3131681422609676,0.35928178577940545,-0.1325340001978586,779.4975352760313,3519.328536631283,4.514868075092807,23.480971900824553,1.7836178083757581,7.573275340178043e-12,1.3565757734375445e-05
0.2563908511963814,0.32,2.597027544654967,5.104538917901968e-13,2.220446049250313e-16,3.603984835213257,0.002934961015633376,0.07698995933113839,0.3525151252568713,0.3591418903350165,-0.13256105835573948,712.8988071286418,3217.390804656656,4.513110097091356,23.42513398916854,1.781152615720364,7.794653811288299e-12,1.2179190052607586e-05
0.28847788846287237,0.32,2.6004279553798852,5.134934853758552e-13,2.220446049250313e-16,3.607608178593268,0.0037148281938441034,0.07683538546568153,0.3968546335098148,0.35895963079681154,-0.13259454694957865,652.066713229238,2941.355412385894,4.510819756186271,23.354622935022906,1.778025634668704,7.658984557679105e-12,1.0664480296180001e-05
0.3245805836818096,0.32,2.604758988233263,5.191164653661672e-13,2.220446049250313e-16,3.612201547305398,0.004701700433156393,0.07664009799271448,0.4468421133672445,0.3587239877204416,-0.1326356898978495,596.5129695676527,2688.996106727489,4.507858577955898,23.265641158747062,1.7740568470616724,7.853273586988507e-12,9.549583428839973e-06
0.36520149209558317,0.32,2.6102849507614003,5.277911441226022e-13,4.440892098500626e-16,3.618026918340912,0.005950410445791908,0.07639350082923313,0.5032296044204946,0.3584205632230863,-0.13268571709867097,545.7916212293826,2458.2703682728206,4.504045633268655,23.153442249452972,1.7690156234753263,7.605471807892172e-12,8.314888619931474e-06
0.4109060631907257,0.32,2.617351577876542,5.320544005371628e-13,3.3306690738754696e-16,3.6254184976276713,0.007530263348259292,0.07608231303692116,0.5668850869957788,0.3580304734508118,-0.1327456486904198,499.495381166464,2247.301457702945,4.499143620617383,23.012113613984074,1.7626053401424118,7.671419055554907e-12,7.390668567320318e-06
0.46233051184443036,0.32,2.6264153600213733,5.445599526865406e-13,4.440892098500626e-16,3.634803605995134,0.009528840863860617,0.07568992929412448,0.6388181828787427,0.3575287794054033,-0.13281586903126372,457.25215953739007,2054.360402560601,4.492839147307763,22.834320773126596,1.7544425345702102,7.658540468469255e-12,6.538354090400321e-06
0.5201906745365283,0.32,2.638086202289788,5.574918304772254e-13,2.220446049250313e-16,3.646730253218034,0.012056810661694263,0.07519565039986288,0.7202152838881091,0.3568822161242917,-0.13289532364640644,418.72175436975846,1877.847394945792,4.484714193491679,22.61101345813117,1.7440281850247814,7.528644374588112e-12,5.7440142312825186e-06
0.5852919739068012,0.32,2.6531911596880655,5.763079939495879e-13,4.440892098500626e-16,3.6619039699566565,0.015254023242310242,0.07457376978766415,0.8124890277698567,0.35604583436929216,-0.13298004634754934,383.59264425136075,1716.2717089036953,4.474203910383266,22.33109889813693,1.7307074282814534,7.625899911545275e-12,5.1283369574263055e-06
0.6585406303658453,0.32,2.6728724344704933,6.160339456098812e-13,4.440892098500626e-16,3.6812377162088947,0.019297279810843476,0.07379250851960233,0.9173500510298721,0.35495793536946835,-0.13306050503495295,351.57882278186935,1568.2289299958982,4.460532968360489,21.981096835790126,1.7136121058827885,7.545519764562414e-12,4.530483323209549e-06
0.7409562768268907,0.32,2.698742607264839,6.502297702811027e-13,3.3306690738754696e-16,3.7059206625728387,0.02441031217070138,0.0728128054952624,1.0369139086996888,0.3535323226483404,-0.1331168811261553,322.41662346082916,1432.37395632416,4.442618190554251,21.544806386131263,1.6915778064965288,7.624567643915725e-12,4.049255907816129e-06
0.8336861521576391,0.32,2.733138002536285,6.908290475856429e-13,2.220446049250313e-16,3.7375147731860148,0.030876771400454396,0.07158700021188993,1.1738641819764288,0.3516464099105628,-0.13311077980304895,295.86151920912175,1307.388121781442,4.418919112144995,21.003041692662972,1.6630238274862132,7.785105893276523e-12,3.645902412755099e-06
0.938021070927226,0.32,2.7795445055163053,7.597292437284873e-13,2.220446049250313e-16,3.7780929517177118,0.03905744174279916,0.07005751409365117,1.3317057403966126,0.349123255817763,-0.1329709141447607,271.6849968147147,1191.939738749112,4.387212222697737,20.33354178872259,1.625782547924179,7.573941473992818e-12,3.212544570785255e-06
1.0554133917497115,0.32,2.843333392727089,8.468399984667364e-13,4.440892098500626e-16,3.8304393673335206,0.04941356241193815,0.06815579933400762,1.5151616496797395,0.3457058110441312,-0.13256905119125664,249.6718617280181,1084.6413158998892,4.344267345118174,19.51125350923567,1.5768705548163764,7.69495578367696e-12,2.8997873616267514e-06
1.1874972343462942,0.32,2.933065996534673,9.68185531746712e-13,2.220446049250313e-16,3.898340172093299,0.06253906831645764,0.0658022181144091,1.730792967782086,0.34102471420521585,-0.13168157087672094,229.6188352806721,984.0184182342659,4.285442947358659,18.509374750646753,1.5122256917001908,7.578826455301169e-12,2.591475172664665e-06
1.3361112267509592,0.32,3.062861080718705,1.1397105481592003e-12,4.440892098500626e-16,3.9869942061912624,0.07920537435097386,0.06290842192048704,1.9879439756663833,0.334572535987639,-0.12993382491536845,211.33608641928993,888.5335133848607,4.204362484606694,17.301913429949433,1.4265338914268535,7.512435118428584e-12,2.3361671438341967e-06
1.503324099304269,0.32,3.2567805915683428,1.3817735339954947e-12,4.440892098500626e-16,4.103547780175619,0.1004213813060991,0.0593855811567866,2.3001075357291767,0.3257289204837867,-0.12673586329196238,194.65388216454681,796.7631752263785,4.093230334614392,15.869106132525019,1.313504661457524,7.287281889034603e-12,2.1003532457149093e-06
1.6914634817077507,0.32,3.557124732381477,1.7402612684236369e-12,4.440892098500626e-16,4.257668523474338,0.12750454603855965,0.05516407068614412,2.68672139453977,0.31394418775118976,-0.12125142296860045,179.43466631919685,707.8947028300581,3.9451390155054105,14.207426167353354,1.167331568230929,7.103873045366527e-12,1.9129847420925655e-06
1.903148303998443,0.32,4.040575336649404,2.2902213458999867e-12,2.220446049250313e-16,4.461925259067848,0.1621423781525906,0.05022910242723688,3.1753182757527845,0.299256227698784,-0.11250141838514548,165.58178058069794,622.680993371556,3.760564665917977,12.344231981814318,0.9861988584928365,6.706413202550721e-12,1.742960741985793e-06
2.1413252524703053,0.32,4.851316914177519,3.1427303731066338e-12,2.220446049250313e-16,4.731775263079291,0.2064145796877442,0.044663400033815935,3.804505110542118,0.28324543855316864,-0.099729406437645,153.01822214172287,544.6480341126844,3.5593671556858153,10.350435415990892,0.7773669906272382,6.3580252174233465e-12,1.624928039295057e-06
2.4093097880146943,0.32,6.27573597030559,4.565379185805794e-12,4.440892098500626e-16,5.085671428130455,0.2628088533873137,0.038663699234761484,4.630867247099548,0.27018492722154536,-0.08299021852554861,141.60502681600397,480.78360773747534,3.395243929879599,8.336544140028256,0.5599914444570223,5.448086426440568e-12,1.504319483363126e-06
2.7108322978617245,0.32,8.93446171184535,7.106137900336759e-12,3.3306690738754696e-16,5.546758002713158,0.3344090852041637,0.03250285891692653,5.747379474326873,0.2680407009909672,-0.06356067578625335,131.0246119510225,441.3300416832603,3.368298788385125,6.42559416572347,0.3605463877318612,4.369171691109841e-12,1.450514925695652e-06
3.050090023162044,0.32,14.350144301663132,1.1957865808640947e-11,2.220446049250313e-16,6.1466042809232455,0.4254028855184348,0.026468509859768955,7.323285221518619,0.29052559190899174,-0.043738409553988764,120.73454221849785,440.783976425253,3.6508522608844585,4.72199133802128,0.20204288381267266,1.7683632336229493e-12,1.3873240521796591e-06
3.431805485249227,0.32,26.889549684669795,2.2217108099956786e-11,2.220446049250313e-16,6.9285922633861015,0.5417215355046953,0.020830993859702912,9.679620128695628,0.3660556673682449,-0.026149179519921007,110.05421173399344,506.2484034782654,4.599991181635949,3.296825302898267,0.09506466836734867,3.5816904997432175e-12,1.3520173106920135e-06
3.861292223885612,0.32,61.70945437215998,4.7586894424966874e-11,4.440892098500626e-16,7.94856287865144,0.6916273496123784,0.015827880827270872,13.446199350082761,0.5754722920901727,-0.012932200466276989,98.3059520777732,710.9091363331165,7.231598100699864,2.1835598787126287,0.035722864790759035,1.664723914274191e-11,1.344121315851774e-06
4.344528762578371,0.32,185.96171178369846,1.2479262068154609e-10,3.3306690738754696e-16,9.273296970859048,0.8867935588121122,0.011628713317189144,19.958948110400375,1.2349011818896272,-0.0049340443670257954,84.9046605708631,1317.5697047167073,15.51822592373522,1.3750815161755718,0.010013497514021773,5.72761837958069e-11,1.2937263350286987e-06
4.888241830574778,0.32,811.687142300117,4.092680683242981e-10,4.440892098500626e-16,10.974929333452868,1.1460021745018847,0.008302263914728047,32.500035631607346,4.164699830588467,-0.0013181193843704682,69.32572211846295,3628.1728679388834,52.33516156873355,0.8295178779344581,0.0019098636438898695,2.0555868118776743e-10,1.2783449796936051e-06
5.5,0.32,5888.073796621963,1.5694853061631834e-09,2.220446049250313e-16,13.080278877271978,1.5159751840325135,0.005844750710513209,62.30268672747481,29.753269781106763,-0.0002162150973191887,50.34376992255059,18823.063100701056,373.8906150584007,0.4899817866891847,0.0002205479817692037,8.099592108123943e-10,1.259456865333499e-06
