D_B_hat,D_eta_hat,T_MeV,accepted_by_residual,c_s,charge_fraction,horizon_gauge_defect,linear_residual,mode,mu_MeV,omega_hat_imag,omega_hat_real,omega_numeric_imag,omega_numeric_real,optimizer_success,phi0,primitive_constraint_maximum,qhat,sector,sigma_Q_over_T,source_determinant_abs,source_singular_value,trajectory,zeta_over_eta
0.9987573542124468,0.5,282.76821760404636,True,0.5329658666217832,0.0,6.456655215599866e-16,1.8922852008569447e-17,shear,0.0,-0.00020001165536525682,-4.435207618253268e-30,-0.00010000582768262841,-2.217603809126634e-30,True,1.0,1.9004341117095364e-09,0.02,helicity1,0.04674764695838896,9.621969889505063e-17,9.61473501619448e-17,neutral,0.17039656393590866
0.9987573542124468,0.5,282.76821760404636,True,0.5329658666217832,0.0,3.955923121553489e-18,6.747114403467475e-18,sound,0.0,-0.00015036858916357525,0.010660664724047234,-7.518429458178762e-05,0.005330332362023617,True,1.0,9.070261517672297e-06,0.02,helicity0,0.04674764695838896,4.238914388370637e-14,4.4612082591881627e-14,neutral,0.17039656393590866
0.9987573542124468,0.5,282.76821760404636,True,0.5329658666217832,0.0,5.690564766075774e-19,7.22243501802846e-18,diffusion,0.0,-0.00039960818710420363,-3.0466159849159737e-20,-0.00019980409355210182,-1.5233079924579868e-20,True,1.0,2.1307509304288885e-11,0.02,helicity0,0.04674764695838896,1.0228744108304889e-18,4.498808267491379e-17,neutral,0.17039656393590866
0.9987573542124468,0.5,282.76821760404636,True,0.5329658666217832,0.0,4.256075631742888e-16,1.724783035614194e-17,shear,0.0,-0.0004500590112418742,-5.090285733208285e-29,-0.0002250295056209371,-2.5451428666041426e-29,True,1.0,1.9457791025708285e-09,0.03,helicity1,0.04674764695838896,1.2777479721559006e-16,1.2755965739457745e-16,neutral,0.17039656393590866
0.9987573542124468,0.5,282.76821760404636,True,0.5329658666217832,0.0,1.3831822079683885e-18,7.433395097650804e-18,sound,0.0,-0.00033831658041876927,0.01599351144009405,-0.00016915829020938464,0.007996755720047025,True,1.0,9.054752897497302e-06,0.03,helicity0,0.04674764695838896,3.885816772538172e-15,4.425028415045136e-15,neutral,0.17039656393590866
0.9987573542124468,0.5,282.76821760404636,True,0.5329658666217832,0.0,2.938315008125281e-18,6.810946729125188e-18,diffusion,0.0,-0.0008994147094735754,-1.3086342974239756e-19,-0.0004497073547367877,-6.543171487119878e-20,True,1.0,2.3980533883853902e-11,0.03,helicity0,0.04674764695838896,2.3041560610986314e-18,1.0087853586807075e-16,neutral,0.17039656393590866
0.9987573542124468,0.5,282.76821760404636,True,0.5329658666217832,0.0,1.196482244077816e-17,2.0934557071893443e-17,shear,0.0,-0.0008001865306761555,3.3910753690422743e-28,-0.00040009326533807776,1.6955376845211372e-28,True,1.0,2.009271925478039e-09,0.04,helicity1,0.04674764695838896,8.871908405941682e-17,8.845529739866724e-17,neutral,0.17039656393590866
0.9987573542124468,0.5,282.76821760404636,True,0.5329658666217832,0.0,2.7515853794820678e-18,7.122010457171339e-18,sound,0.0,-0.000601419969538513,0.021329375817182042,-0.0003007099847692565,0.010664687908591021,True,1.0,9.03146386678766e-06,0.04,helicity0,0.04674764695838896,3.161610900427012e-15,4.078577548146984e-15,neutral,0.17039656393590866
0.9987573542124468,0.5,282.76821760404636,True,0.5329658666217832,0.0,2.422086687995472e-18,7.242807882842713e-18,diffusion,0.0,-0.001599697864497682,5.397045572569285e-20,-0.000799848932248841,2.6985227862846426e-20,True,1.0,2.5098122474259594e-11,0.04,helicity0,0.04674764695838896,3.0290972631170167e-19,1.3105927316585429e-17,neutral,0.17039656393590866
0.9987573542124468,0.5,282.76821760404636,True,0.5329658666217832,0.0,4.0087341709751446e-16,1.7340297779578203e-17,shear,0.0,-0.0012504554785938413,8.51996217807641e-32,-0.0006252277392969207,4.259981089038205e-32,True,1.0,2.0909248713201997e-09,0.05,helicity1,0.04674764695838896,2.4711585816673213e-17,2.4597775510907918e-17,neutral,0.17039656393590866
0.9987573542124468,0.5,282.76821760404636,True,0.5329658666217832,0.0,6.469524933885865e-19,6.778940467911395e-18,sound,0.0,-0.0009396549407035597,0.02666926447029503,-0.00046982747035177985,0.013334632235147515,True,1.0,8.999916449677962e-06,0.05,helicity0,0.04674764695838896,7.292292621939035e-15,1.0575949334290576e-14,neutral,0.17039656393590866
0.9987573542124468,0.5,282.76821760404636,True,0.5329658666217832,0.0,2.8658535969622865e-18,6.655502468238108e-18,diffusion,0.0,-0.002501013823940396,7.019248453318289e-21,-0.001250506911970198,3.5096242266591445e-21,True,1.0,2.5571203382798917e-11,0.05,helicity0,0.04674764695838896,2.6550714873818223e-18,1.14332676090031e-16,neutral,0.17039656393590866
0.9987573542124468,0.5,282.76821760404636,True,0.5329658666217832,0.0,5.2830535869153463e-17,1.575898874804503e-17,shear,0.0,-0.0018009446866836698,-1.0001266971145683e-31,-0.0009004723433418349,-5.000633485572842e-32,True,1.0,2.1907462523773698e-09,0.06,helicity1,0.04674764695838896,6.369688086064375e-17,6.327894382745547e-17,neutral,0.17039656393590866
0.9987573542124468,0.5,282.76821760404636,True,0.5329658666217832,0.0,2.3927665601448445e-18,7.552953315536034e-18,sound,0.0,-0.0013529908488681482,0.03201418464070487,-0.0006764954244340741,0.016007092320352436,True,1.0,8.958955687969576e-06,0.06,helicity0,0.04674764695838896,1.2800314434517768e-14,2.080852487926382e-14,neutral,0.17039656393590866
0.9987573542124468,0.5,282.76821760404636,True,0.5329658666217832,0.0,4.716706938417333e-18,7.615330608836421e-18,diffusion,0.0,-0.0036040807505225325,-1.926429347875773e-18,-0.0018020403752612663,-9.632146739378864e-19,True,1.0,2.714023678436279e-11,0.06,helicity0,0.04674764695838896,2.1781114979070986e-18,9.276010564686599e-17,neutral,0.17039656393590866
0.9987573542124468,0.5,282.76821760404636,True,0.5329658666217832,0.0,2.1936123461270206e-16,1.6186251067034626e-17,shear,0.0,-0.003202987336162759,1.3252830323341186e-29,-0.0016014936680813796,6.626415161670593e-30,True,1.0,2.4449766086192626e-09,0.08,helicity1,0.04674764695838896,6.3546625146454e-17,6.282562278234226e-17,neutral,0.17039656393590866
0.9987573542124468,0.5,282.76821760404636,True,0.5329658666217832,0.0,1.2865371201635647e-18,7.122803496724099e-18,sound,0.0,-0.0024048086320549657,0.042723152581186044,-0.0012024043160274828,0.021361576290593022,True,1.0,8.846414629216406e-06,0.08,helicity0,0.04674764695838896,6.604636098061604e-15,1.3510388316480876e-14,neutral,0.17039656393590866
0.9987573542124468,0.5,282.76821760404636,True,0.5329658666217832,0.0,2.0147823619064676e-18,9.09141442234182e-18,diffusion,0.0,-0.006419164714407775,-1.1764130529913037e-18,-0.0032095823572038874,-5.882065264956519e-19,True,1.0,2.9030288971661837e-11,0.08,helicity0,0.04674764695838896,2.047137155220822e-18,8.517747224029052e-17,neutral,0.17039656393590866
0.9987573542124468,0.5,282.76821760404636,True,0.5329658666217832,0.0,8.294396823793991e-17,1.6112861657543072e-17,shear,0.0,-0.005007298515297134,-1.241285660352261e-28,-0.002503649257648567,-6.206428301761305e-29,True,1.0,2.7721155232691526e-09,0.1,helicity1,0.04674764695838896,1.389337807111068e-16,1.365591167881651e-16,neutral,0.17039656393590866
0.9987573542124468,0.5,282.76821760404636,True,0.5329658666217832,0.0,4.517651874256739e-18,7.435701818310308e-18,sound,0.0,-0.0037564907414933584,0.05346435616250606,-0.0018782453707466792,0.02673217808125303,True,1.0,8.695734572488087e-06,0.1,helicity0,0.04674764695838896,5.993882806060656e-15,1.5212976036738385e-14,neutral,0.17039656393590866
0.9987573542124468,0.5,282.76821760404636,True,0.5329658666217832,0.0,2.2527045544563564e-18,6.588361111862252e-18,diffusion,0.0,-0.010054037837342824,-1.196193228079562e-18,-0.005027018918671412,-5.98096614039781e-19,True,1.0,2.96566093456046e-11,0.1,helicity0,0.04674764695838896,2.937879594742259e-18,1.1843652348915118e-16,neutral,0.17039656393590866
0.9987573542124468,0.5,282.76821760404636,True,0.5329658666217832,0.0,2.0493478085621384e-16,1.8118554914065928e-17,shear,0.0,-0.007215147431815807,-9.030799870064936e-28,-0.0036075737159079035,-4.515399935032468e-28,True,1.0,3.172406360185276e-09,0.12,helicity1,0.04674764695838896,6.559029882418082e-17,6.404878245876307e-17,neutral,0.17039656393590866
0.9987573542124468,0.5,282.76821760404636,True,0.5329658666217832,0.0,1.2203973301106155e-18,7.542575249460401e-18,sound,0.0,-0.005407543631123823,0.0642458922740053,-0.0027037718155619116,0.03212294613700265,True,1.0,8.514122339264883e-06,0.12,helicity0,0.04674764695838896,3.922959678897748e-15,1.1937169976857414e-14,neutral,0.17039656393590866
0.9987573542124468,0.5,282.76821760404636,True,0.5329658666217832,0.0,1.0391250224505352e-18,6.2509123433873756e-18,diffusion,0.0,-0.01452058927345982,-2.3844113241347476e-17,-0.00726029463672991,-1.1922056620673738e-17,True,1.0,2.960743402850895e-11,0.12,helicity0,0.04674764695838896,9.126266311029975e-18,3.554935399264584e-16,neutral,0.17039656393590866
0.7369391771262063,0.45811984734485856,174.2448640957075,True,0.44858536851819475,0.1869733791,4.523129482586325e-16,1.6672792496950403e-17,shear,348.48972248617156,-0.00018325586763899167,-2.5929147254491733e-30,-9.162793381949583e-05,-1.2964573627245866e-30,True,2.0,7.975054725857378e-10,0.02,helicity1,0.02155923860220367,5.852261943603409e-17,5.0520267659324413e-17,charged,0.37870467451838613
0.7369391771262063,0.45811984734485856,174.2448640957075,True,0.44858536851819475,0.1869733791,4.0096396867499903e-19,6.985291444214388e-18,sound,348.48972248617156,-0.0001568763336770908,0.008972672768900214,-7.84381668385454e-05,0.004486336384450107,True,2.0,6.996174952942903e-06,0.02,helicity0,0.02155923860220367,4.8169028790175945e-14,7.238717894188019e-14,charged,0.37870467451838613
0.7369391771262063,0.45811984734485856,174.2448640957075,True,0.44858536851819475,0.1869733791,2.753965337537397e-19,7.448474222132757e-18,diffusion,348.48972248617156,-0.00029479004740971,1.0165893824493307e-17,-0.000147395023704855,5.082946912246653e-18,True,2.0,2.4292912477255874e-06,0.02,helicity0,0.02155923860220367,1.7326799858470874e-16,5.008588921960642e-15,charged,0.37870467451838613
0.7369391771262063,0.45811984734485856,174.2448640957075,True,0.44858536851819475,0.1869733791,1.311666088359761e-16,1.7718089411229127e-17,shear,348.48972248617156,-0.0004123480035932355,-7.61517302276808e-29,-0.00020617400179661775,-3.80758651138404e-29,True,2.0,8.133733968228685e-10,0.03,helicity1,0.02155923860220367,1.9023530367965952e-17,5.061182566744673e-17,charged,0.37870467451838613
0.7369391771262063,0.45811984734485856,174.2448640957075,True,0.44858536851819475,0.1869733791,5.388649838736501e-19,7.225976365996452e-18,sound,348.48972248617156,-0.00035297317372544654,0.013460832815997479,-0.00017648658686272327,0.006730416407998739,True,2.0,6.983790040625964e-06,0.03,helicity0,0.02155923860220367,3.862505412150232e-14,6.051819660539313e-14,charged,0.37870467451838613
0.7369391771262063,0.45811984734485856,174.2448640957075,True,0.44858536851819475,0.1869733791,3.2167957544118703e-19,6.78354899428468e-18,diffusion,348.48972248617156,-0.0006633180390685634,2.80072292118946e-16,-0.0003316590195342817,1.40036146059473e-16,True,2.0,2.4311360577493147e-06,0.03,helicity0,0.02155923860220367,1.3424760399298154e-15,3.876291432934861e-14,charged,0.37870467451838613
0.7369391771262063,0.45811984734485856,174.2448640957075,True,0.44858536851819475,0.1869733791,2.62393454401467e-16,1.6215587481993178e-17,shear,348.48972248617156,-0.000733118629025618,1.643760755100949e-28,-0.000366559314512809,8.218803775504745e-29,True,2.0,8.355949080640466e-10,0.04,helicity1,0.02155923860220367,4.767477732023744e-18,5.070246643643799e-17,charged,0.37870467451838613
0.7369391771262063,0.45811984734485856,174.2448640957075,True,0.44858536851819475,0.1869733791,3.9342041385445655e-19,9.915713875185748e-18,sound,348.48972248617156,-0.0006275114127274546,0.017951181557494218,-0.0003137557063637273,0.008975590778747109,True,2.0,6.96629531298537e-06,0.04,helicity0,0.02155923860220367,1.381306275620433e-14,2.2890805252869238e-14,charged,0.37870467451838613
0.7369391771262063,0.45811984734485856,174.2448640957075,True,0.44858536851819475,0.1869733791,3.5970138345497223e-19,7.88411986081917e-18,diffusion,348.48972248617156,-0.0011793325886151785,9.888376359799152e-14,-0.0005896662943075892,4.944188179899576e-14,True,2.0,2.4336962804774235e-06,0.04,helicity0,0.02155923860220367,2.7570799827236937e-13,7.920335336995737e-12,charged,0.37870467451838613
0.7369391771262063,0.45811984734485856,174.2448640957075,True,0.44858536851819475,0.1869733791,2.4181742505444207e-16,2.0575163492230663e-17,shear,348.48972248617156,-0.001145609392091687,8.775180267095001e-28,-0.0005728046960458435,4.387590133547501e-28,True,2.0,8.641763443945206e-10,0.05,helicity1,0.02155923860220367,7.169753336628206e-17,5.0792023013011883e-17,charged,0.37870467451838613
0.7369391771262063,0.45811984734485856,174.2448640957075,True,0.44858536851819475,0.1869733791,9.014569520186215e-19,8.815580135712752e-18,sound,348.48972248617156,-0.0009804937287056631,0.022444449059626486,-0.0004902468643528316,0.011222224529813243,True,2.0,6.9437091488801314e-06,0.05,helicity0,0.02155923860220367,1.2821692204188331e-14,2.2801690282634032e-14,charged,0.37870467451838613
0.7369391771262063,0.45811984734485856,174.2448640957075,True,0.44858536851819475,0.1869733791,1.2013668643074715e-18,9.339921951439189e-18,diffusion,348.48972248617156,-0.0018429088029046912,-8.743176634035878e-18,-0.0009214544014523456,-4.371588317017939e-18,True,2.0,2.437057834452762e-06,0.05,helicity0,0.02155923860220367,8.400719975872363e-16,2.3976286754927374e-14,charged,0.37870467451838613
0.7369391771262063,0.45811984734485856,174.2448640957075,True,0.44858536851819475,0.1869733791,1.7695579202921168e-17,1.6545158600562136e-17,shear,348.48972248617156,-0.0016498738590637952,-8.218432026692811e-30,-0.0008249369295318976,-4.1092160133464054e-30,True,2.0,8.991263165328817e-10,0.06,helicity1,0.02155923860220367,3.514811728274791e-17,5.088033848431523e-17,charged,0.37870467451838613
0.7369391771262063,0.45811984734485856,174.2448640957075,True,0.44858536851819475,0.1869733791,1.7922185584012839e-19,8.251267667636574e-18,sound,348.48972248617156,-0.00141192358661891,0.02694136582053708,-0.000705961793309455,0.01347068291026854,True,2.0,6.915328858432986e-06,0.06,helicity0,0.02155923860220367,1.0365517682445245e-13,1.965802430897811e-13,charged,0.37870467451838613
0.7369391771262063,0.45811984734485856,174.2448640957075,True,0.44858536851819475,0.1869733791,7.905573472614759e-19,8.212047659564293e-18,diffusion,348.48972248617156,-0.002654142884371502,-3.516202891143974e-17,-0.001327071442185751,-1.758101445571987e-17,True,2.0,2.4410887587231776e-06,0.06,helicity0,0.02155923860220367,7.992372390817153e-16,2.2627381587482707e-14,charged,0.37870467451838613
0.7369391771262063,0.45811984734485856,174.2448640957075,True,0.44858536851819475,0.1869733791,1.7614212794390845e-16,1.7225930510642037e-17,shear,348.48972248617156,-0.0029339978472487523,-6.654456206086687e-30,-0.0014669989236243762,-3.327228103043344e-30,True,2.0,9.881712743979952e-10,0.08,helicity1,0.02155923860220367,8.035259655297328e-18,3.5226542560508794e-29,charged,0.37870467451838613
0.7369391771262063,0.45811984734485856,174.2448640957075,True,0.44858536851819475,0.1869733791,7.203269092115038e-19,9.245665904332393e-18,sound,348.48972248617156,-0.00251014381925692,0.03594907192333113,-0.00125507190962846,0.017974535961665566,True,2.0,6.841953427271681e-06,0.08,helicity0,0.02155923860220367,3.032155658416688e-14,6.691557920485112e-14,charged,0.37870467451838613
0.7369391771262063,0.45811984734485856,174.2448640957075,True,0.44858536851819475,0.1869733791,3.5264490178023716e-19,7.469728075664541e-18,diffusion,348.48972248617156,-0.004720073217062688,-3.8519302449987215e-17,-0.002360036608531344,-1.9259651224993607e-17,True,2.0,2.4512469528400123e-06,0.08,helicity0,0.02155923860220367,2.1780400832194243e-16,6.058455310219212e-15,charged,0.37870467451838613
0.7369391771262063,0.45811984734485856,174.2448640957075,True,0.44858536851819475,0.1869733791,5.922566323353811e-17,1.5426080490231405e-17,shear,348.48972248617156,-0.004586158093494265,-1.3574413286837205e-25,-0.0022930790467471326,-6.787206643418602e-26,True,2.0,1.1028338390802483e-09,0.1,helicity1,0.02155923860220367,1.6172812342938017e-18,4.624182568507542e-25,charged,0.37870467451838613
0.7369391771262063,0.45811984734485856,174.2448640957075,True,0.44858536851819475,0.1869733791,4.0318561100746466e-19,8.188033828270838e-18,sound,348.48972248617156,-0.00392221625616648,0.044980156714118674,-0.00196110812808324,0.022490078357059337,True,2.0,6.745184954809201e-06,0.1,helicity0,0.02155923860220367,1.6252194923301013e-14,4.185256403016405e-14,charged,0.37870467451838613
0.7369391771262063,0.45811984734485856,174.2448640957075,True,0.44858536851819475,0.1869733791,1.3544050003060537e-18,7.69692706302942e-18,diffusion,348.48972248617156,-0.007378303041353144,-1.5619957429733574e-11,-0.003689151520676572,-7.809978714866787e-12,True,2.0,2.4643433138057894e-06,0.1,helicity0,0.02155923860220367,5.541071139223741e-12,1.5045293878350916e-10,charged,0.37870467451838613
0.7369391771262063,0.45811984734485856,174.2448640957075,True,0.44858536851819475,0.1869733791,7.570668589215436e-17,1.9624388823981694e-17,shear,348.48972248617156,-0.0066072139999491615,-7.509787605580986e-28,-0.0033036069999745807,-3.754893802790493e-28,True,2.0,1.2432453068576478e-09,0.12,helicity1,0.02155923860220367,4.8845997969061254e-18,1.788499414814998e-27,charged,0.37870467451838613
0.7369391771262063,0.45811984734485856,174.2448640957075,True,0.44858536851819475,0.1869733791,8.765667732556845e-19,8.866937029098348e-18,sound,348.48972248617156,-0.005648199001496301,0.054040491202532785,-0.0028240995007481505,0.027020245601266393,True,2.0,6.624454284153366e-06,0.12,helicity0,0.02155923860220367,2.692667228778306e-14,8.044293356393801e-14,charged,0.37870467451838613
0.7369391771262063,0.45811984734485856,174.2448640957075,True,0.44858536851819475,0.1869733791,5.261464983257568e-19,7.407455199600799e-18,diffusion,348.48972248617156,-0.010630324960294462,-1.4836657621705286e-15,-0.005315162480147231,-7.418328810852643e-16,True,2.0,2.4800673394963346e-06,0.12,helicity0,0.02155923860220367,8.104251721778464e-16,2.143234507266538e-14,charged,0.37870467451838613
