trajectory,path_index,parent_index,sector,mode,phi_H,charge_fraction,Phi1,T_MeV,mu_B_MeV,mu_B_over_T,s_over_T3,n_B_over_T3,s_over_n_B,branch_id,locally_stable,inside_spinodal,reduced_distance_to_CEP,Re_omega_hat,Im_omega_hat,shooting_source_residual,spectral_distance_hat,spectral_overlap_parent,spectral_pencil_residual
mu0,17,16,singlet,0,5.0,0.0,0.0,87.1971791534744,0.0,0.0,0.6482510589201926,0.0,nan,stable_crossover,True,False,1.012654108049873,1.7380807478624363,-0.32066974881180527,7.625827431187668e-11,2.6834069620531068e-05,0.9999270447392599,5.791609710068252e-16
mu0,16,15,singlet,0,4.75,0.0,0.0,93.67231742323088,0.0,0.0,0.811478159031469,0.0,nan,stable_crossover,True,False,1.0047109037556927,1.6435800080412022,-0.2899230042847695,7.54118711723152e-12,5.940426527377124e-06,0.999925540792208,6.697968831269096e-16
mu0,15,14,singlet,0,4.5,0.0,0.0,100.25158143728444,0.0,0.0,1.0182727507339968,0.0,nan,stable_crossover,True,False,1.0005700061893459,1.5618884504716095,-0.27267147487368115,1.2909795799194963e-12,1.8523082641658625e-06,0.9999260952813465,6.299515831364499e-16
mu0,14,13,singlet,0,4.25,0.0,0.0,106.91284671813682,0.0,0.0,1.2798854648172306,0.0,nan,stable_crossover,True,False,1.0004629710379904,1.4901057251327614,-0.2653076242095915,1.6962097395720517e-13,8.675040725543946e-07,0.9999275907095129,6.687043042808824e-16
mu0,13,12,singlet,0,4.0,0.0,0.0,113.64940607335022,0.0,0.0,1.609765843444823,0.0,nan,stable_crossover,True,False,1.0045364945275086,1.4264443275366323,-0.26585072758658257,9.405304786248642e-14,5.500900129641528e-07,0.9999295244936894,7.388670486189701e-16
mu0,12,0,singlet,0,3.75,0.0,0.0,120.47625667297962,0.0,0.0,2.0234809725824507,0.0,nan,stable_crossover,True,False,1.0129026828467,1.3695491826555894,-0.2731936036676422,4.916742730392758e-14,4.2311497320400214e-07,0.999931667956441,8.391277964348376e-16
mu0,0,-1,singlet,0,3.5,0.0,0.0,127.4376231208714,0.0,0.0,2.5382648343573027,0.0,nan,stable_crossover,True,False,1.0257187423632592,1.318280430762488,-0.28673700274819547,7.91904465781989e-15,3.661141762926998e-07,nan,7.930741847142634e-16
mu0,1,0,singlet,0,3.25,0.0,0.0,134.61638852124653,0.0,0.0,3.172020247987524,0.0,nan,stable_crossover,True,False,1.043298297090402,1.2716409101832038,-0.3061768284631132,3.354505351426697e-09,3.3846036948859893e-07,0.9999339320783922,8.667994562768326e-16
mu0,2,1,singlet,0,3.0,0.0,0.0,142.1466612676674,0.0,0.0,3.941600236981508,0.0,nan,stable_crossover,True,False,1.0662615710279484,1.2287632354863933,-0.33135373115659633,7.770320721201525e-15,3.471171987281542e-07,0.9999363216271088,8.434044335331521e-16
mu0,3,2,singlet,0,2.75,0.0,0.0,150.23164288847676,0.0,0.0,4.860262627701062,0.0,nan,stable_crossover,True,False,1.0957427403739421,1.1889285628555748,-0.3621223603773126,9.909905907359851e-14,3.741615526801086e-07,0.9999389305934168,8.932678367835664e-16
mu0,4,3,singlet,0,2.5,0.0,0.0,159.1706552660586,0.0,0.0,5.934346698940288,0.0,nan,stable_crossover,True,False,1.133692859661324,1.1516060956215843,-0.3982165062537756,2.427366920490295e-13,4.2905859226174227e-07,0.9999419531778955,8.97480974375771e-16
mu0,5,4,singlet,0,2.25,0.0,0.0,169.4024471962488,0.0,0.0,7.159469110385611,0.0,nan,stable_crossover,True,False,1.183352830658618,1.1165056345099191,-0.43909698118289964,2.958685577117788e-13,5.211911731367741e-07,0.9999456868476148,1.0018809527492221e-15
mu0,6,5,singlet,0,2.0,0.0,0.0,181.57865082865828,0.0,0.0,8.516840662157595,0.0,nan,stable_crossover,True,False,1.2500399540066098,1.083631661991147,-0.4837835997839628,2.56553564865202e-13,6.655211194524426e-07,0.9999504971841495,9.529217089424468e-16
mu0,7,6,singlet,0,1.75,0.0,0.0,196.6963301836139,0.0,0.0,9.970572537710634,0.0,nan,stable_crossover,True,False,1.3425375288666777,1.0533163220474222,-0.5306996669087233,1.3398277056395302e-13,8.826357289100945e-07,0.9999567075796689,1.0470448753775546e-15
mu0,8,7,singlet,0,1.5,0.0,0.0,216.35529406796533,0.0,0.0,11.466937217955648,0.0,nan,stable_crossover,True,False,1.4757232367874418,1.0261924496214803,-0.5776033788607458,2.1851242922524357e-12,1.1942668494290881e-06,0.9999643927359979,1.0215411977288399e-15
mu0,9,8,singlet,0,1.25,0.0,0.0,243.3057225326577,0.0,0.0,12.936356432086209,0.0,nan,stable_crossover,True,False,1.676011433820106,1.0030588681005348,-0.6217280201202143,1.4296577612354712e-12,1.6101118257834871e-06,0.999973132948606,9.83074866899404e-16
mu0,10,9,singlet,0,1.0,0.0,0.0,282.7652557531613,0.0,0.0,14.298380289341749,0.0,nan,stable_crossover,True,False,1.9941647253956716,0.9846194918249545,-0.660231456638127,3.753413556104074e-12,2.106873237956117e-06,0.999981929865397,9.992063532477212e-16
mu0,11,10,singlet,0,0.75,0.0,0.0,346.18737624157274,0.0,0.0,15.469218134744926,0.0,nan,stable_crossover,True,False,2.5415717963245723,0.9711726382615747,-0.6908703785749408,1.0342615124679193e-11,2.616620997932711e-06,0.9999895266020415,8.769305790027239e-16
mu0,17,16,tensor,0,5.0,0.0,0.0,87.1971791534744,0.0,0.0,0.6482510589201926,0.0,nan,stable_crossover,True,False,1.012654108049873,1.6499522144964884,-0.6605722420333504,3.6439428806741495e-11,0.0002201136036405994,0.9999470927010496,4.884679919040716e-16
mu0,16,15,tensor,0,4.75,0.0,0.0,93.67231742323088,0.0,0.0,0.811478159031469,0.0,nan,stable_crossover,True,False,1.0047109037556927,1.6332449733261774,-0.6534407350670812,2.7680498310567224e-11,0.00014672345877721278,0.9999437724560459,5.032158380990857e-16
mu0,15,14,tensor,0,4.5,0.0,0.0,100.25158143728444,0.0,0.0,1.0182727507339968,0.0,nan,stable_crossover,True,False,1.0005700061893459,1.617363697506156,-0.6537977595455785,4.091215907233878e-11,0.0001043481802606438,0.9999404807464587,5.557045121022345e-16
mu0,14,13,tensor,0,4.25,0.0,0.0,106.91284671813682,0.0,0.0,1.2798854648172306,0.0,nan,stable_crossover,True,False,1.0004629710379904,1.6032796657612913,-0.6618198654643543,1.3719330964819968e-10,7.855059144386126e-05,0.999937345197617,5.203227127496021e-16
mu0,13,12,tensor,0,4.0,0.0,0.0,113.64940607335022,0.0,0.0,1.609765843444823,0.0,nan,stable_crossover,True,False,1.0045364945275086,1.5916020779197726,-0.6774864617475568,6.865844634002854e-10,6.984388709093633e-05,0.9999345503291135,5.518555717360899e-16
mu0,12,0,tensor,0,3.75,0.0,0.0,120.47625667297962,0.0,0.0,2.0234809725824507,0.0,nan,stable_crossover,True,False,1.0129026828467,1.5826112923818847,-0.7006753920062362,2.650292500598208e-09,7.058090266902406e-05,0.9999323137128878,6.530944525698098e-16
mu0,0,-1,tensor,0,3.5,0.0,0.0,127.4376231208714,0.0,0.0,2.5382648343573027,0.0,nan,stable_crossover,True,False,1.0257187423632592,1.576313777582263,-0.7311958137897596,8.392193208477421e-10,7.742100161200087e-05,nan,6.628029656775337e-16
mu0,1,0,tensor,0,3.25,0.0,0.0,134.61638852124653,0.0,0.0,3.172020247987524,0.0,nan,stable_crossover,True,False,1.043298297090402,1.572497104807322,-0.7687756141961506,1.9315484497441542e-09,9.167791393573003e-05,0.9999308678553335,7.383798421495901e-16
mu0,2,1,tensor,0,3.0,0.0,0.0,142.1466612676674,0.0,0.0,3.941600236981508,0.0,nan,stable_crossover,True,False,1.0662615710279484,1.5707799266032338,-0.8130186438172063,8.667637993207127e-15,0.0001173524061192936,0.9999304470558773,7.365098808750731e-16
mu0,3,2,tensor,0,2.75,0.0,0.0,150.23164288847676,0.0,0.0,4.860262627701062,0.0,nan,stable_crossover,True,False,1.0957427403739421,1.5706586563500666,-0.8633425629461241,3.197219227086845e-15,0.00016182882858493093,0.9999312738533908,6.717007090014138e-16
mu0,4,3,tensor,0,2.5,0.0,0.0,159.1706552660586,0.0,0.0,5.934346698940288,0.0,nan,stable_crossover,True,False,1.133692859661324,1.5715545840177012,-0.9189063796877764,6.8452294145472336e-15,0.00023871495007721696,0.9999335404435162,7.790150994080134e-16
mu0,5,4,tensor,0,2.25,0.0,0.0,169.4024471962488,0.0,0.0,7.159469110385611,0.0,nan,stable_crossover,True,False,1.183352830658618,1.572865169250847,-0.9785378121772789,4.0180518161807855e-15,0.00037282359779921756,0.9999373822476528,7.589437874236826e-16
mu0,6,5,tensor,0,2.0,0.0,0.0,181.57865082865828,0.0,0.0,8.516840662157595,0.0,nan,stable_crossover,True,False,1.2500399540066098,1.5740222592273239,-1.0406747495589082,7.353259253900575e-14,0.0006077463135111203,0.9999428423602074,6.944188902012846e-16
mu0,7,6,tensor,0,1.75,0.0,0.0,196.6963301836139,0.0,0.0,9.970572537710634,0.0,nan,stable_crossover,True,False,1.3425375288666777,1.574558430958104,-1.103342068782901,7.902685795069317e-14,0.0010147238880165508,0.9999498285909644,8.044046153700833e-16
mu0,8,7,tensor,0,1.5,0.0,0.0,216.35529406796533,0.0,0.0,11.466937217955648,0.0,nan,stable_crossover,True,False,1.4757232367874418,1.5741787314444549,-1.164193594154759,8.918833734220282e-14,0.001695459962691137,0.9999580712455045,7.943412487526733e-16
mu0,9,8,tensor,0,1.25,0.0,0.0,243.3057225326577,0.0,0.0,12.936356432086209,0.0,nan,stable_crossover,True,False,1.676011433820106,1.5728254289092611,-1.2206532592580577,1.6179973701741312e-13,0.002761252478296451,0.9999670990029998,7.730691724542278e-16
mu0,10,9,tensor,0,1.0,0.0,0.0,282.7652557531613,0.0,0.0,14.298380289341749,0.0,nan,stable_crossover,True,False,1.9941647253956716,1.5707071225500586,-1.2701721505075951,2.547987097867831e-13,0.0042676215465085165,0.9999762562058269,7.617768825313102e-16
mu0,11,10,tensor,0,0.75,0.0,0.0,346.18737624157274,0.0,0.0,15.469218134744926,0.0,nan,stable_crossover,True,False,2.5415717963245723,1.5682556728208152,-1.3105556566885341,1.3929834470235497e-09,0.006113515799602995,0.9999847768734272,7.97707163539173e-16
mu0,17,16,vector,0,5.0,0.0,0.0,87.1971791534744,0.0,0.0,0.6482510589201926,0.0,nan,stable_crossover,True,False,1.012654108049873,2.100858137853443,-0.0037361121715981183,2.1871878579190296e-08,0.0001324847044600646,0.9988719220663314,6.320369495719902e-16
mu0,16,15,vector,0,4.75,0.0,0.0,93.67231742323088,0.0,0.0,0.811478159031469,0.0,nan,stable_crossover,True,False,1.0047109037556927,1.947257268084504,-0.007762265571889126,7.171868843130829e-09,1.8937979400329275e-05,0.9988238143421714,6.421422159159618e-16
mu0,15,14,vector,0,4.5,0.0,0.0,100.25158143728444,0.0,0.0,1.0182727507339968,0.0,nan,stable_crossover,True,False,1.0005700061893459,1.8083950605337922,-0.014945657016310133,2.2887867406307015e-09,2.822150139215855e-05,0.9987878244396116,6.37472806532074e-16
mu0,14,13,vector,0,4.25,0.0,0.0,106.91284671813682,0.0,0.0,1.2798854648172306,0.0,nan,stable_crossover,True,False,1.0004629710379904,1.6821841904125254,-0.026614955987494825,7.414391938892356e-10,4.281878517692247e-06,0.9987991878105915,6.369792627748816e-16
mu0,13,12,vector,0,4.0,0.0,0.0,113.64940607335022,0.0,0.0,1.609765843444823,0.0,nan,stable_crossover,True,False,1.0045364945275086,1.5671943521511411,-0.04401649190012717,2.823075975352014e-10,8.87426168840772e-07,0.9987913407440636,6.357715153218472e-16
mu0,12,0,vector,0,3.75,0.0,0.0,120.47625667297962,0.0,0.0,2.0234809725824507,0.0,nan,stable_crossover,True,False,1.0129026828467,1.4625113255089153,-0.06819008846032815,1.6092608691123554e-10,8.868213648664209e-06,0.9987837574184117,6.099234375846979e-16
mu0,0,-1,vector,0,3.5,0.0,0.0,127.4376231208714,0.0,0.0,2.5382648343573027,0.0,nan,stable_crossover,True,False,1.0257187423632592,1.3675654669223045,-0.10002305078379711,1.0897995146195121e-10,1.8795583001346356e-05,nan,8.620444765530342e-16
mu0,1,0,vector,0,3.25,0.0,0.0,134.61638852124653,0.0,0.0,3.172020247987524,0.0,nan,stable_crossover,True,False,1.043298297090402,1.2820274156483047,-0.14042801903287452,7.854673630336717e-13,1.9551425552020857e-05,0.9987957318636888,6.150065501951061e-16
mu0,2,1,vector,0,3.0,0.0,0.0,142.1466612676674,0.0,0.0,3.941600236981508,0.0,nan,stable_crossover,True,False,1.0662615710279484,1.2057976346611092,-0.19052335002040396,2.2518974851957344e-12,6.736674274455395e-06,0.9988249768818452,6.208047344176228e-16
mu0,3,2,vector,0,2.75,0.0,0.0,150.23164288847676,0.0,0.0,4.860262627701062,0.0,nan,stable_crossover,True,False,1.0957427403739421,1.1390689281082713,-0.25168849730959464,5.668319510829888e-12,1.901585334102947e-05,0.9988683248400158,7.160551573454463e-16
mu0,4,3,vector,0,2.5,0.0,0.0,159.1706552660586,0.0,0.0,5.934346698940288,0.0,nan,stable_crossover,True,False,1.133692859661324,1.0824116258282603,-0.3253783291535386,1.1214716515291647e-11,4.784857813004965e-05,0.9989289217539663,7.360216949605308e-16
mu0,5,4,vector,0,2.25,0.0,0.0,169.4024471962488,0.0,0.0,7.159469110385611,0.0,nan,stable_crossover,True,False,1.183352830658618,1.0368004366078896,-0.41257925103081644,2.0287912841294655e-11,4.1086026118411754e-05,0.9990150831730541,7.483898607079152e-16
mu0,6,5,vector,0,2.0,0.0,0.0,181.57865082865828,0.0,0.0,8.516840662157595,0.0,nan,stable_crossover,True,False,1.2500399540066098,1.0034957679415768,-0.5127719432958368,1.3740774523499289e-11,5.999405658521413e-05,0.9991311059598944,7.039296760692953e-16
mu0,7,6,vector,0,1.75,0.0,0.0,196.6963301836139,0.0,0.0,9.970572537710634,0.0,nan,stable_crossover,True,False,1.3425375288666777,0.9836820875692096,-0.6223306582361392,8.93823280468992e-11,0.00015144576229284595,0.9992863414798807,7.645716888098042e-16
mu0,8,7,vector,0,1.5,0.0,0.0,216.35529406796533,0.0,0.0,11.466937217955648,0.0,nan,stable_crossover,True,False,1.4757232367874418,0.9775229632558112,-0.7328131229412392,1.6653199309580339e-10,0.0002587380472458825,0.9994837800391231,7.555744627047781e-16
mu0,9,8,vector,0,1.25,0.0,0.0,243.3057225326577,0.0,0.0,12.936356432086209,0.0,nan,stable_crossover,True,False,1.676011433820106,0.9821694271708585,-0.8312837579461492,2.4237741801133852e-11,0.00011104440243494236,0.9997000413105911,8.560034531296408e-16
mu0,10,9,vector,0,1.0,0.0,0.0,282.7652557531613,0.0,0.0,14.298380289341749,0.0,nan,stable_crossover,True,False,1.9941647253956716,0.9907773090357342,-0.9060713103193596,1.117388331479175e-13,7.81339010699702e-05,0.9998714645440347,7.621444770460557e-16
mu0,11,10,vector,0,0.75,0.0,0.0,346.18737624157274,0.0,0.0,15.469218134744926,0.0,nan,stable_crossover,True,False,2.5415717963245723,0.996919070291147,-0.9544992922652583,8.846505369116235e-15,0.0006285205890376775,0.9998842983375945,8.473253017818675e-16
mu_over_T_2,17,16,singlet,0,5.0,0.019326126434498197,68.5607514599236,87.142214812853,174.28442532354302,1.9999999506305528,0.6484495239697827,6.879148726357398e-05,9426.304761885058,stable_crossover,True,False,0.7241799096617293,1.7394952947562992,-0.3216310962769536,5.872656589183535e-11,6.266039485463434e-05,0.9999288925379475,6.206471394906306e-16
mu_over_T_2,16,15,singlet,0,4.75,0.03236052899870549,55.06412800026921,93.51384000528438,187.02768000970022,1.999999999990712,0.8122749876555013,0.00026001233311544186,3123.986381426232,stable_crossover,True,False,0.6918566817227215,1.6460431896928045,-0.2920797918223048,5.194150974357251e-12,6.119069349881044e-05,0.9999291282139314,6.434721736892067e-16
mu_over_T_2,15,14,singlet,0,4.5,0.05070022665833269,43.747401713128724,99.85141881163646,199.70283762098762,1.999999999977113,1.0210667895125864,0.0008708634399523626,1172.4763523985348,stable_crossover,True,False,0.664482241006017,1.5659862792899124,-0.2764755393619466,7.663790028628172e-13,4.9188246268832134e-05,0.9999319779043472,6.408100211345427e-16
mu_over_T_2,14,13,singlet,0,4.25,0.07434220757034397,34.30852639932777,106.02638949026223,212.0527789798818,1.9999999999939386,1.2884557057471053,0.00259280195153703,496.9356433040712,stable_crossover,True,False,0.642973942980754,1.496653595038378,-0.2706908118850004,1.742428417419192e-13,3.567469357192228e-05,0.9999355786184644,6.486664328468219e-16
mu_over_T_2,13,12,singlet,0,4.0,0.10210922810457891,26.52085745275096,111.92246758090434,223.84492921714758,1.9999999468859004,1.6328000736397883,0.006888958643665225,237.01696556724687,stable_crossover,True,False,0.627681807257381,1.436707593517449,-0.2716771234549205,3.277977328128059e-14,2.419588564422633e-05,0.9999379896401741,7.118200821500314e-16
mu_over_T_2,12,0,singlet,0,3.75,0.13164016657773406,20.203793058890337,117.50577287122726,235.01154574068144,1.9999999999849107,2.077865389586607,0.016411154434199375,126.61299349279913,stable_crossover,True,False,0.6182767621549239,1.3855351893290566,-0.27736836736383064,7.499755642030734e-15,1.4870833234572743e-05,0.9999376239011093,7.640879242465773e-16
mu_over_T_2,0,-1,singlet,0,3.5,0.15979910939976305,15.184432054750223,122.90081855423516,245.80163565198026,1.9999999881490613,2.651425514066384,0.03520835238094877,75.3067194220957,stable_crossover,True,False,0.6140992393172456,1.342336001262912,-0.28743590012173015,8.789892499952528e-10,7.89458938849964e-06,nan,7.213594289266495e-16
mu_over_T_2,1,0,singlet,0,3.25,0.1832954560408366,11.277459946322931,128.42545669868616,256.85090997020575,1.9999999733139624,3.380158801393535,0.06820221434207441,49.560836609205104,stable_crossover,True,False,0.6149271081009537,1.3049130696966853,-0.30315200866802894,7.542269299819089e-10,3.548356123292735e-06,0.999934314584318,7.008190842548824e-16
mu_over_T_2,2,1,singlet,0,3.0,0.19933849569306603,8.293733268668744,134.55328706632616,269.10657818791134,2.000000030138684,4.280975906339507,0.11931323743013851,35.88014204078694,stable_crossover,True,False,0.6218586211383832,1.2697816542731966,-0.3260044675979553,1.0672234298948938e-09,1.582444874484477e-06,0.9999293791146951,8.601674466970029e-16
mu_over_T_2,3,2,singlet,0,2.75,0.20637488288835357,6.061326382416166,141.80443093781403,283.60885607051625,1.99999995906255,5.353381593077503,0.18845420144440958,28.40680415743689,stable_crossover,True,False,0.6379392987183052,1.2337736830533086,-0.3565363934504432,2.6815121712937797e-09,9.469947638689111e-07,0.9999250288725222,9.075651808552686e-16
mu_over_T_2,4,3,singlet,0,2.5,0.20482469141099366,4.436402173382437,150.61550952526073,301.231015380325,1.999999975632015,6.580582400178056,0.2696556006432952,24.403655568359422,stable_crossover,True,False,0.668085197937902,1.195588968032625,-0.3941773607063751,1.2798941724713922e-12,1.1271392378613926e-06,0.9999237333345883,8.531868046767779e-16
mu_over_T_2,5,4,singlet,0,2.25,0.19718690640801326,3.296647638247193,161.30692817695865,322.61385635391065,1.9999999999999587,7.939330387114761,0.35310368123494545,22.4844169263479,stable_crossover,True,False,0.7182265059020311,1.1560409568231274,-0.4377254338670081,1.5906467513050716e-13,9.801559961343443e-07,0.999926868010646,9.756512239846455e-16
mu_over_T_2,6,5,singlet,0,2.0,0.18697337911367887,2.5299559324616476,174.2432565471141,348.4865074169395,1.9999999674174553,9.405552580629182,0.4299158687854955,21.877658545611954,stable_crossover,True,False,0.7948726370715244,1.1170715790791723,-0.48580039201740066,1.4224670094255062e-11,1.077436852157044e-06,0.9999338588830458,9.483509856038481e-16
mu_over_T_2,7,6,singlet,0,1.75,0.17713013141878842,2.0332032670458062,190.1330444939041,380.26608898780404,1.9999999999999782,10.948122252472318,0.4952104505953861,22.108019407323717,stable_crossover,True,False,0.9066566182136726,1.0806445417301407,-0.5368165398073579,1.9605128226391265e-12,1.255563695725445e-06,0.9999432474252646,1.2325696066417492e-15
mu_over_T_2,8,7,singlet,0,1.5,0.16918219687844477,1.7194895627160605,210.38319114009806,420.76637311581135,1.999999956439558,12.519648228335342,0.5478718563174034,22.85141695813304,stable_crossover,True,False,1.0680459005426963,1.0482886097510713,-0.5886450939015103,6.621710177097226e-12,1.5351743235382135e-06,0.9999539836990923,1.0430127228205206e-15
mu_over_T_2,9,8,singlet,0,1.25,0.16340683542265194,1.5235075429928202,237.63777276134357,475.2755419991435,1.9999999851726282,14.054023252089316,0.5888857513914973,23.86544965450532,stable_crossover,True,False,1.3056164602322642,1.0210972449892757,-0.6384137942857099,4.84052162714997e-12,1.926400261011828e-06,0.9999654152140781,1.077066458230995e-15
mu_over_T_2,10,9,singlet,0,1.0,0.1594491939978916,1.4009352901724836,277.0311949867858,554.0623849295495,1.9999999817925842,15.471374233459446,0.6199312610736185,24.956596327576033,stable_crossover,True,False,1.6713546584894527,0.9997319857111668,-0.6827773886746712,4.806006870354047e-12,2.411863561749103e-06,0.9999766599227213,9.72868819319107e-16
mu_over_T_2,11,10,singlet,0,0.75,0.15682596377867544,1.324120752231714,339.8575212735071,679.7150425470033,1.9999999999999682,16.68701706533312,0.6426080477900233,25.967644075920006,stable_crossover,True,False,2.2802221850197073,0.9843011419893722,-0.7186915606376653,1.1485620140461778e-09,2.9305597015299633e-06,0.9999864345542895,1.0929528810279854e-15
mu_over_T_2,17,16,tensor,0,5.0,0.019326126434498197,68.5607514599236,87.142214812853,174.28442532354302,1.9999999506305528,0.6484495239697827,6.879148726357398e-05,9426.304761885058,stable_crossover,True,False,0.7241799096617293,1.6507293575851683,-0.660868176406692,1.889996073453367e-11,0.00021413320666370539,0.9999466669746108,4.523465653336909e-16
mu_over_T_2,16,15,tensor,0,4.75,0.03236052899870549,55.06412800026921,93.51384000528438,187.02768000970022,1.999999999990712,0.8122749876555013,0.00026001233311544186,3123.986381426232,stable_crossover,True,False,0.6918566817227215,1.6353908687151544,-0.6542385238868446,6.215935394608856e-12,0.00014344703636144535,0.9999425534246588,5.483831627489248e-16
mu_over_T_2,15,14,tensor,0,4.5,0.05070022665833269,43.747401713128724,99.85141881163646,199.70283762098762,1.999999999977113,1.0210667895125864,0.0008708634399523626,1172.4763523985348,stable_crossover,True,False,0.664482241006017,1.6225451689407042,-0.655728469596617,7.023331500233498e-12,0.00010490539512346917,0.9999375353223839,4.950252807415632e-16
mu_over_T_2,14,13,tensor,0,4.25,0.07434220757034397,34.30852639932777,106.02638949026223,212.0527789798818,1.9999999999939386,1.2884557057471053,0.00259280195153703,496.9356433040712,stable_crossover,True,False,0.642973942980754,1.6142559134209042,-0.6660444443029201,6.38012385663125e-11,8.037322476152806e-05,0.999931314480946,5.723748481259458e-16
mu_over_T_2,13,12,tensor,0,4.0,0.10210922810457891,26.52085745275096,111.92246758090434,223.84492921714758,1.9999999468859004,1.6328000736397883,0.006888958643665225,237.01696556724687,stable_crossover,True,False,0.627681807257381,1.6120684245485173,-0.6858673878816158,1.2284567740544822e-09,7.397522045914218e-05,0.9999240873977437,5.317198970211854e-16
mu_over_T_2,12,0,tensor,0,3.75,0.13164016657773406,20.203793058890337,117.50577287122726,235.01154574068144,1.9999999999849107,2.077865389586607,0.016411154434199375,126.61299349279913,stable_crossover,True,False,0.6182767621549239,1.6163294963880377,-0.7157521380915512,2.3157891110275756e-15,7.977628864719064e-05,0.9999170231027784,6.791074763925289e-16
mu_over_T_2,0,-1,tensor,0,3.5,0.15979910939976305,15.184432054750223,122.90081855423516,245.80163565198026,1.9999999881490613,2.651425514066384,0.03520835238094877,75.3067194220957,stable_crossover,True,False,0.6140992393172456,1.625591531476937,-0.7557764367477927,3.977001006835716e-15,9.593933269832805e-05,nan,5.833490770230335e-16
mu_over_T_2,1,0,tensor,0,3.25,0.1832954560408366,11.277459946322931,128.42545669868616,256.85090997020575,1.9999999733139624,3.380158801393535,0.06820221434207441,49.560836609205104,stable_crossover,True,False,0.6149271081009537,1.6365708592044483,-0.8050845741397882,1.1146154066195515e-14,0.00012776767948829965,0.999912330957227,6.851896033653893e-16
mu_over_T_2,2,1,tensor,0,3.0,0.19933849569306603,8.293733268668744,134.55328706632616,269.10657818791134,2.000000030138684,4.280975906339507,0.11931323743013851,35.88014204078694,stable_crossover,True,False,0.6218586211383832,1.6450049848175912,-0.8616313600018015,4.958030683532655e-15,0.00018637504083966202,0.9999123661618102,6.67915501632316e-16
mu_over_T_2,3,2,tensor,0,2.75,0.20637488288835357,6.061326382416166,141.80443093781403,283.60885607051625,1.99999995906255,5.353381593077503,0.18845420144440958,28.40680415743689,stable_crossover,True,False,0.6379392987183052,1.6474168034858747,-0.9225111145864139,1.3971391719399495e-14,0.0002896759836676368,0.9999178982835736,7.380875268693158e-16
mu_over_T_2,4,3,tensor,0,2.5,0.20482469141099366,4.436402173382437,150.61550952526073,301.231015380325,1.999999975632015,6.580582400178056,0.2696556006432952,24.403655568359422,stable_crossover,True,False,0.668085197937902,1.6429881485497195,-0.9849867682765385,3.182696847025181e-14,0.0004656604872617151,0.9999270998729576,6.297130823545366e-16
mu_over_T_2,5,4,tensor,0,2.25,0.19718690640801326,3.296647638247193,161.30692817695865,322.61385635391065,1.9999999999999587,7.939330387114761,0.35310368123494545,22.4844169263479,stable_crossover,True,False,0.7182265059020311,1.6338802224157767,-1.0475164942218664,1.5666644836109375e-14,0.0007601024731445252,0.9999369399851356,7.8599092890928e-16
mu_over_T_2,6,5,tensor,0,2.0,0.18697337911367887,2.5299559324616476,174.2432565471141,348.4865074169395,1.9999999674174553,9.405552580629182,0.4299158687854955,21.877658545611954,stable_crossover,True,False,0.7948726370715244,1.6233928111561668,-1.1096825740268448,4.013791370257763e-14,0.0012530625831500058,0.9999456552540756,7.4122411278607675e-16
mu_over_T_2,7,6,tensor,0,1.75,0.17713013141878842,2.0332032670458062,190.1330444939041,380.26608898780404,1.9999999999999782,10.948122252472318,0.4952104505953861,22.108019407323717,stable_crossover,True,False,0.9066566182136726,1.6138418994359898,-1.1710913181258609,1.4489869113334118e-13,0.0020801438008881397,0.9999533898043088,7.132283212938237e-16
mu_over_T_2,8,7,tensor,0,1.5,0.16918219687844477,1.7194895627160605,210.38319114009806,420.76637311581135,1.999999956439558,12.519648228335342,0.5478718563174034,22.85141695813304,stable_crossover,True,False,1.0680459005426963,1.6059815906848256,-1.2304627258825,2.0555489817298004e-13,0.0034385248546168704,0.9999610265005068,7.528130913457771e-16
mu_over_T_2,9,8,tensor,0,1.25,0.16340683542265194,1.5235075429928202,237.63777276134357,475.2755419991435,1.9999999851726282,14.054023252089316,0.5888857513914973,23.86544965450532,stable_crossover,True,False,1.3056164602322642,1.5996303163856078,-1.2855827413727805,1.4097846281532314e-14,0.005539722424676484,0.9999690798014002,8.560061450096899e-16
mu_over_T_2,10,9,tensor,0,1.0,0.1594491939978916,1.4009352901724836,277.0311949867858,554.0623849295495,1.9999999817925842,15.471374233459446,0.6199312610736185,24.956596327576033,stable_crossover,True,False,1.6713546584894527,1.5944138122066016,-1.3338600366960218,9.114879182561535e-14,0.00847078681093373,0.9999773952258111,7.915435533768518e-16
mu_over_T_2,11,10,tensor,0,0.75,0.15682596377867544,1.324120752231714,339.8575212735071,679.7150425470033,1.9999999999999682,16.68701706533312,0.6426080477900233,25.967644075920006,stable_crossover,True,False,2.2802221850197073,1.590146499599335,-1.3730192998431465,9.554561623266893e-10,0.01200046173516067,0.9999853462190978,8.219848317473826e-16
mu_over_T_2,17,16,vector,0,5.0,0.019326126434498197,68.5607514599236,87.142214812853,174.28442532354302,1.9999999506305528,0.6484495239697827,6.879148726357398e-05,9426.304761885058,stable_crossover,True,False,0.7241799096617293,2.102194931327104,-0.003734569085867046,1.8563603691849036e-08,0.00013022918046893335,0.9988635952374685,8.64661106368049e-16
mu_over_T_2,16,15,vector,0,4.75,0.03236052899870549,55.06412800026921,93.51384000528438,187.02768000970022,1.999999999990712,0.8122749876555013,0.00026001233311544186,3123.986381426232,stable_crossover,True,False,0.6918566817227215,1.9505979891828686,-0.0077576157377540434,4.887752305311009e-09,1.609221050181696e-05,0.9988042047200126,6.072754907011635e-16
mu_over_T_2,15,14,vector,0,4.5,0.05070022665833269,43.747401713128724,99.85141881163646,199.70283762098762,1.999999999977113,1.0210667895125864,0.0008708634399523626,1172.4763523985348,stable_crossover,True,False,0.664482241006017,1.815758157125657,-0.014939917289885293,1.0631869702254016e-09,2.875377770096349e-05,0.9987406131661194,5.479286081389924e-16
mu_over_T_2,14,13,vector,0,4.25,0.07434220757034397,34.30852639932777,106.02638949026223,212.0527789798818,1.9999999999939386,1.2884557057471053,0.00259280195153703,496.9356433040712,stable_crossover,True,False,0.642973942980754,1.6965155368029827,-0.026643506212100685,2.0378717517769735e-10,3.2699053185782497e-06,0.9987061306501315,6.392904839998103e-16
mu_over_T_2,13,12,vector,0,4.0,0.10210922810457891,26.52085745275096,111.92246758090434,223.84492921714758,1.9999999468859004,1.6328000736397883,0.006888958643665225,237.01696556724687,stable_crossover,True,False,0.627681807257381,1.5918733293857834,-0.04422303044356155,5.3989876338249835e-11,2.147159996050293e-06,0.9986405311083075,7.245196899324205e-16
mu_over_T_2,12,0,vector,0,3.75,0.13164016657773406,20.203793058890337,117.50577287122726,235.01154574068144,1.9999999999849107,2.077865389586607,0.016411154434199375,126.61299349279913,stable_crossover,True,False,0.6182767621549239,1.5002285894524154,-0.06891684980380404,2.6038576609900095e-11,4.522274261473829e-06,0.9985725539781449,6.599704222416482e-16
mu_over_T_2,0,-1,vector,0,3.5,0.15979910939976305,15.184432054750223,122.90081855423516,245.80163565198026,1.9999999881490613,2.651425514066384,0.03520835238094877,75.3067194220957,stable_crossover,True,False,0.6140992393172456,1.4189476155618381,-0.10178651874069389,6.132526264010075e-12,1.4523838127502835e-05,nan,7.381213088030757e-16
mu_over_T_2,1,0,vector,0,3.25,0.1832954560408366,11.277459946322931,128.42545669868616,256.85090997020575,1.9999999733139624,3.380158801393535,0.06820221434207441,49.560836609205104,stable_crossover,True,False,0.6149271081009537,1.3447486683163663,-0.1436327967932026,1.7746732592324004e-13,2.3128987204773318e-05,0.9985450690749509,5.698237915165103e-16
mu_over_T_2,2,1,vector,0,3.0,0.19933849569306603,8.293733268668744,134.55328706632616,269.10657818791134,2.000000030138684,4.280975906339507,0.11931323743013851,35.88014204078694,stable_crossover,True,False,0.6218586211383832,1.2748930729274506,-0.19496001670793742,5.403486461279921e-13,2.9157894271318505e-05,0.9985874432445503,7.124796019108944e-16
mu_over_T_2,3,2,vector,0,2.75,0.20637488288835357,6.061326382416166,141.80443093781403,283.60885607051625,1.99999995906255,5.353381593077503,0.18845420144440958,28.40680415743689,stable_crossover,True,False,0.6379392987183052,1.208650054290888,-0.2561796456804745,1.9731110706873805e-12,2.7848651433036066e-05,0.9987042377390684,7.276249132034549e-16
mu_over_T_2,4,3,vector,0,2.5,0.20482469141099366,4.436402173382437,150.61550952526073,301.231015380325,1.999999975632015,6.580582400178056,0.2696556006432952,24.403655568359422,stable_crossover,True,False,0.668085197937902,1.147989206430196,-0.3279734719348071,5.180966975149336e-12,5.928266321687124e-06,0.9988697607213165,7.63157450618517e-16
mu_over_T_2,5,4,vector,0,2.25,0.19718690640801326,3.296647638247193,161.30692817695865,322.61385635391065,1.9999999999999587,7.939330387114761,0.35310368123494545,22.4844169263479,stable_crossover,True,False,0.7182265059020311,1.096665043560945,-0.4111278691396233,1.1728218449816797e-11,4.577059300265536e-05,0.9990437649729872,8.73881216857199e-16
mu_over_T_2,6,5,vector,0,2.0,0.18697337911367887,2.5299559324616476,174.2432565471141,348.4865074169395,1.9999999674174553,9.405552580629182,0.4299158687854955,21.877658545611954,stable_crossover,True,False,0.7948726370715244,1.05832892725335,-0.505200896949683,4.3785231946332805e-12,6.965679617821481e-05,0.9992080598712234,6.5181609903020095e-16
mu_over_T_2,7,6,vector,0,1.75,0.17713013141878842,2.0332032670458062,190.1330444939041,380.26608898780404,1.9999999999999782,10.948122252472318,0.4952104505953861,22.108019407323717,stable_crossover,True,False,0.9066566182136726,1.0350640545931442,-0.6064582052815328,6.956714100486813e-12,8.94425826208184e-05,0.9993763045381217,8.220245155572606e-16
mu_over_T_2,8,7,vector,0,1.5,0.16918219687844477,1.7194895627160605,210.38319114009806,420.76637311581135,1.999999956439558,12.519648228335342,0.5478718563174034,22.85141695813304,stable_crossover,True,False,1.0680459005426963,1.0263907219583654,-0.7064802888834134,1.0928339765912224e-11,8.401102612996453e-05,0.9995624417783859,7.770119005678014e-16
mu_over_T_2,9,8,vector,0,1.25,0.16340683542265194,1.5235075429928202,237.63777276134357,475.2755419991435,1.9999999851726282,14.054023252089316,0.5888857513914973,23.86544965450532,stable_crossover,True,False,1.3056164602322642,1.0281845361701833,-0.7937048030747004,1.6336115135093334e-12,0.0002791031407149967,0.9997545902577752,8.093646112051344e-16
mu_over_T_2,10,9,vector,0,1.0,0.1594491939978916,1.4009352901724836,277.0311949867858,554.0623849295495,1.9999999817925842,15.471374233459446,0.6199312610736185,24.956596327576033,stable_crossover,True,False,1.6713546584894527,1.0335174314073101,-0.859313299870568,1.5267003963855038e-14,0.0003611124823422193,0.9998956417664111,8.801638739710479e-16
mu_over_T_2,11,10,vector,0,0.75,0.15682596377867544,1.324120752231714,339.8575212735071,679.7150425470033,1.9999999999999682,16.68701706533312,0.6426080477900233,25.967644075920006,stable_crossover,True,False,2.2802221850197073,1.037199753293535,-0.9023538068665354,8.310257703664995e-15,0.00010616328053485748,0.9998824330007471,8.366052402397955e-16
