mu_B_target_MeV,sequence,sector,phi0,charge_fraction,T_MeV,mu_B_MeV,Re_omega_hat,Im_omega_hat,pencil_residual,tracking_continuity_proxy,calculation,line_role
0.0,0,tensor,0.65,0.0,377.1634726096938,0.0,1.5643589664848878,-1.3308252817484374,7.734253527353624e-16,nan,source-factored collocation point,piecewise-linear guide to the eye
0.0,1,tensor,0.9375,0.0,290.2772476721295,0.0,1.5676946829100964,-1.2860720594713697,7.610572453300659e-16,0.9780537620621436,source-factored collocation point,piecewise-linear guide to the eye
0.0,2,tensor,1.225,0.0,242.91024116638627,0.0,1.5702491476530123,-1.2279244742887467,7.246407305499057e-16,0.971721132960898,source-factored collocation point,piecewise-linear guide to the eye
0.0,3,tensor,1.5125,0.0,213.1721568994458,0.0,1.5714141777006094,-1.1598515599053507,7.623065088311894e-16,0.9670792289655471,source-factored collocation point,piecewise-linear guide to the eye
0.0,4,tensor,1.7999999999999998,0.0,192.5758202690696,0.0,1.5712923818463023,-1.0862281675585865,7.025897798798884e-16,0.9644952454792258,source-factored collocation point,piecewise-linear guide to the eye
0.0,5,tensor,2.0875,0.0,177.0649729682324,0.0,1.5706208934577968,-1.0116403304489117,7.371032102422988e-16,0.9640455083997387,source-factored collocation point,piecewise-linear guide to the eye
0.0,6,tensor,2.375,0.0,164.43163901963894,0.0,1.57056933632207,-0.9402826086611583,7.04325525952223e-16,0.9655502576783482,source-factored collocation point,piecewise-linear guide to the eye
0.0,7,tensor,2.6624999999999996,0.0,153.37168748974867,0.0,1.5725411676118464,-0.8756464777435218,5.990981510928358e-16,0.9686795856539431,source-factored collocation point,piecewise-linear guide to the eye
0.0,8,tensor,2.9499999999999997,0.0,143.0808564950941,0.0,1.5780095044713471,-0.8205004523684176,6.688269630517901e-16,0.9730388047785478,source-factored collocation point,piecewise-linear guide to the eye
0.0,9,tensor,3.2375,0.0,133.06115189499022,0.0,1.5883611124786017,-0.7770701590468034,6.327293650481868e-16,0.978164002140503,source-factored collocation point,piecewise-linear guide to the eye
0.0,10,tensor,3.525,0.0,123.01928226022525,0.0,1.604700414362349,-0.7473226875611985,6.520152659545357e-16,0.983313451429102,source-factored collocation point,piecewise-linear guide to the eye
0.0,11,tensor,3.8124999999999996,0.0,112.80882499324808,0.0,1.6275382330253922,-0.7332747908254467,5.869456836532952e-16,0.986771107134351,source-factored collocation point,piecewise-linear guide to the eye
0.0,12,tensor,4.1,0.0,102.39411970055416,0.0,1.6562376519576925,-0.7372071013530506,5.667625325384661e-16,0.9857230033407246,source-factored collocation point,piecewise-linear guide to the eye
0.0,0,vector,0.65,0.0,377.1634726096938,0.0,0.9937420056926413,-0.979332786853026,8.472728256637977e-16,nan,source-factored collocation point,piecewise-linear guide to the eye
0.0,1,vector,0.9375,0.0,290.2772476721295,0.0,0.9836960695949071,-0.9345842568114495,8.084314490527262e-16,0.9775828935731607,source-factored collocation point,piecewise-linear guide to the eye
0.0,2,vector,1.225,0.0,242.91024116638627,0.0,0.9657665406057067,-0.8460816703504024,8.124085450223795e-16,0.9568002417525169,source-factored collocation point,piecewise-linear guide to the eye
0.0,3,vector,1.5125,0.0,213.1721568994458,0.0,0.9579736134565124,-0.7183250534803293,8.675682325987397e-16,0.9398522415289812,source-factored collocation point,piecewise-linear guide to the eye
0.0,4,vector,1.7999999999999998,0.0,192.5758202690696,0.0,0.9722139380273728,-0.5804661098401079,7.357486210596569e-16,0.9351945355683188,source-factored collocation point,piecewise-linear guide to the eye
0.0,5,vector,2.0875,0.0,177.0649729682324,0.0,1.0076517863432963,-0.4551989270724587,8.919139042578537e-16,0.9388863109751177,source-factored collocation point,piecewise-linear guide to the eye
0.0,6,vector,2.375,0.0,164.43163901963894,0.0,1.0605110353604514,-0.3509653075730663,8.023514685392275e-16,0.9447908424699171,source-factored collocation point,piecewise-linear guide to the eye
0.0,7,vector,2.6624999999999996,0.0,153.37168748974867,0.0,1.1281756184954037,-0.26811460910650214,7.458455375307554e-16,0.9492300889445822,source-factored collocation point,piecewise-linear guide to the eye
0.0,8,vector,2.9499999999999997,0.0,143.0808564950941,0.0,1.2096986101273943,-0.20394413568297984,7.436957679232353e-16,0.9506837711544466,source-factored collocation point,piecewise-linear guide to the eye
0.0,9,vector,3.2375,0.0,133.06115189499022,0.0,1.3058922770638768,-0.15521122775621143,6.685749423930678e-16,0.9488414344669078,source-factored collocation point,piecewise-linear guide to the eye
0.0,10,vector,3.525,0.0,123.01928226022525,0.0,1.4193721833451867,-0.11894571706995201,6.7946579769305945e-16,0.9437818150884827,source-factored collocation point,piecewise-linear guide to the eye
0.0,11,vector,3.8124999999999996,0.0,112.80882499324808,0.0,1.554514292028167,-0.09271469356957385,6.450438797754987e-16,0.9356006045580757,source-factored collocation point,piecewise-linear guide to the eye
0.0,12,vector,4.1,0.0,102.39411970055416,0.0,1.717900770774684,-0.07466810606102242,6.613297826695662e-16,0.9240521062882711,source-factored collocation point,piecewise-linear guide to the eye
0.0,0,singlet,0.65,0.0,377.1634726096938,0.0,0.9692294405147244,-0.724360779551447,9.731598495838187e-16,nan,source-factored collocation point,piecewise-linear guide to the eye
0.0,1,singlet,0.9375,0.0,290.2772476721295,0.0,0.9682556590256373,-0.690150119349855,1.0434556385940737e-15,0.9831756445221431,source-factored collocation point,piecewise-linear guide to the eye
0.0,2,singlet,1.225,0.0,242.91024116638627,0.0,0.9761569710034986,-0.6405384588786508,1.0269822132559857e-15,0.9754970197762887,source-factored collocation point,piecewise-linear guide to the eye
0.0,3,singlet,1.5125,0.0,213.1721568994458,0.0,0.9952819673598394,-0.5794448050590552,9.319152316647543e-16,0.9689841800623215,source-factored collocation point,piecewise-linear guide to the eye
0.0,4,singlet,1.7999999999999998,0.0,192.5758202690696,0.0,1.025013611422234,-0.513561775798299,9.781153085838946e-16,0.9651200738252622,source-factored collocation point,piecewise-linear guide to the eye
0.0,5,singlet,2.0875,0.0,177.0649729682324,0.0,1.063442524699742,-0.44929501875138067,7.999033279786487e-16,0.9639112185669352,source-factored collocation point,piecewise-linear guide to the eye
0.0,6,singlet,2.375,0.0,164.43163901963894,0.0,1.10903875644439,-0.39108074435475754,7.799594359444701e-16,0.964345554448332,source-factored collocation point,piecewise-linear guide to the eye
0.0,7,singlet,2.6624999999999996,0.0,153.37168748974867,0.0,1.1614079959000942,-0.3413447606570571,8.409578051987747e-16,0.9651469502885265,source-factored collocation point,piecewise-linear guide to the eye
0.0,8,singlet,2.9499999999999997,0.0,143.0808564950941,0.0,1.221399346309249,-0.301150678406645,8.17608955927262e-16,0.9651523643486023,source-factored collocation point,piecewise-linear guide to the eye
0.0,9,singlet,3.2375,0.0,133.06115189499022,0.0,1.291013118905102,-0.27090293323120457,8.080162960484537e-16,0.9634369538036808,source-factored collocation point,piecewise-linear guide to the eye
0.0,10,singlet,3.525,0.0,123.01928226022525,0.0,1.3733644994558103,-0.250943690783967,7.416683692761106e-16,0.9593542719714664,source-factored collocation point,piecewise-linear guide to the eye
0.0,11,singlet,3.8124999999999996,0.0,112.80882499324808,0.0,1.4728458208464175,-0.24211060129888712,7.191155191685425e-16,0.9524386870124169,source-factored collocation point,piecewise-linear guide to the eye
0.0,12,singlet,4.1,0.0,102.39411970055416,0.0,1.5956935065480176,-0.24641129139005774,7.879364096221317e-16,0.9420973130331007,source-factored collocation point,piecewise-linear guide to the eye
300.0,0,tensor,0.65,0.06381183347406734,376.11224618279107,299.9968198955581,1.567757428899576,-1.3418754279729188,7.662694417295757e-16,nan,source-factored collocation point,piecewise-linear guide to the eye
300.0,1,tensor,0.9375,0.08419713672608742,288.7662751862954,299.99689217251085,1.5739070928069916,-1.3046125959942672,7.865700639799397e-16,0.9814665369135156,source-factored collocation point,piecewise-linear guide to the eye
300.0,2,tensor,1.225,0.10351660850775812,240.74367177952942,299.9969880213109,1.5804907610613188,-1.2544821210012886,7.564475912685687e-16,0.9753428711206256,source-factored collocation point,piecewise-linear guide to the eye
300.0,3,tensor,1.5125,0.12359112884523929,210.04042423070706,299.99710213310004,1.5880340431645714,-1.1950231026584923,7.569207728598482e-16,0.9709041396533917,source-factored collocation point,piecewise-linear guide to the eye
300.0,4,tensor,1.7999999999999998,0.1461563164184839,188.08228808106387,299.9972263821426,1.598359721067916,-1.1309676765530392,6.650840074973071e-16,0.9685781931852231,source-factored collocation point,piecewise-linear guide to the eye
300.0,5,tensor,2.0875,0.17144665188428448,170.85071668776803,299.9973494448546,1.6136275564439144,-1.0666542565500694,6.95242891979698e-16,0.9680069571305218,source-factored collocation point,piecewise-linear guide to the eye
300.0,6,tensor,2.375,0.19644957481423503,156.45251949453382,299.9974581667538,1.6339835917306318,-1.004233660606428,6.803902541469022e-16,0.9682154646281864,source-factored collocation point,piecewise-linear guide to the eye
300.0,7,tensor,2.6624999999999996,0.21501638363815573,144.19111443501706,299.9975411070632,1.6552391383677365,-0.9435227659009721,6.280704375346096e-16,0.9688400385681251,source-factored collocation point,piecewise-linear guide to the eye
300.0,8,tensor,2.9499999999999997,0.22138982726300402,133.7971336486267,299.9975932970563,1.6710041916850904,-0.8849339159454958,6.130035910075046e-16,0.970556794518666,source-factored collocation point,piecewise-linear guide to the eye
300.0,9,tensor,3.2375,0.21405445404855383,124.78862139150864,299.9976191297751,1.6790205512678176,-0.8321418642555759,6.736760044107747e-16,0.9739956710829082,source-factored collocation point,piecewise-linear guide to the eye
300.0,10,tensor,3.525,0.1956487508287248,116.42431021091996,299.99762911073094,1.6831029761953655,-0.790751106867956,6.617770843534879e-16,0.9796278562064608,source-factored collocation point,piecewise-linear guide to the eye
300.0,11,tensor,3.8124999999999996,0.17040555021883852,108.03021510051194,299.99763260326887,1.6890908970539962,-0.7657333424191709,6.243001388092585e-16,0.9873011450104361,source-factored collocation point,piecewise-linear guide to the eye
300.0,12,tensor,4.1,0.14230127903725995,99.2110823131709,299.9976341874792,1.7007667356337828,-0.7606776114131764,5.636372202029966e-16,0.993678501517076,source-factored collocation point,piecewise-linear guide to the eye
300.0,0,vector,0.65,0.06381183347406734,376.11224618279107,299.9968198955581,1.0001479863421108,-0.9685145291644209,7.934858679144224e-16,nan,source-factored collocation point,piecewise-linear guide to the eye
300.0,1,vector,0.9375,0.08419713672608742,288.7662751862954,299.99689217251085,0.9956605351347263,-0.9181540389192401,8.26991253806865e-16,0.9753433086375557,source-factored collocation point,piecewise-linear guide to the eye
300.0,2,vector,1.225,0.10351660850775812,240.74367177952942,299.9969880213109,0.9852558025166235,-0.8285053743783977,7.891071060676086e-16,0.9568231461053575,source-factored collocation point,piecewise-linear guide to the eye
300.0,3,vector,1.5125,0.12359112884523929,210.04042423070706,299.99710213310004,0.9850428582931683,-0.7044942798439722,8.133512424728179e-16,0.9416145861919845,source-factored collocation point,piecewise-linear guide to the eye
300.0,4,vector,1.7999999999999998,0.1461563164184839,188.08228808106387,299.9972263821426,1.0071395711763085,-0.5719153750079596,8.121746905152148e-16,0.9370281023786117,source-factored collocation point,piecewise-linear guide to the eye
300.0,5,vector,2.0875,0.17144665188428448,170.85071668776803,299.9973494448546,1.052898459572331,-0.4517184891151295,7.076109845693267e-16,0.9395791995470026,source-factored collocation point,piecewise-linear guide to the eye
300.0,6,vector,2.375,0.19644957481423503,156.45251949453382,299.9974581667538,1.119346820268164,-0.35198413187853533,6.864028682440259e-16,0.9434661297269031,source-factored collocation point,piecewise-linear guide to the eye
300.0,7,vector,2.6624999999999996,0.21501638363815573,144.19111443501706,299.9975411070632,1.201552385800668,-0.2724903913177104,7.402084025416565e-16,0.9459150580527319,source-factored collocation point,piecewise-linear guide to the eye
300.0,8,vector,2.9499999999999997,0.22138982726300402,133.7971336486267,299.9975932970563,1.293594355007706,-0.2097875173744891,7.645902708548535e-16,0.9472520614344087,source-factored collocation point,piecewise-linear guide to the eye
300.0,9,vector,3.2375,0.21405445404855383,124.78862139150864,299.9976191297751,1.39218451424712,-0.16065601773004518,6.606812458718603e-16,0.9477980819334691,source-factored collocation point,piecewise-linear guide to the eye
300.0,10,vector,3.525,0.1956487508287248,116.42431021091996,299.99762911073094,1.4997478162336186,-0.12304297595986013,6.49688298531137e-16,0.9460961660697763,source-factored collocation point,piecewise-linear guide to the eye
300.0,11,vector,3.8124999999999996,0.17040555021883852,108.03021510051194,299.99763260326887,1.623456245303272,-0.09538363585095132,6.146899208496528e-16,0.9403963497168809,source-factored collocation point,piecewise-linear guide to the eye
300.0,12,vector,4.1,0.14230127903725995,99.2110823131709,299.9976341874792,1.7732181474105355,-0.07627767121748137,6.105597104046995e-16,0.9298105925111871,source-factored collocation point,piecewise-linear guide to the eye
300.0,0,singlet,0.65,0.06381183347406734,376.11224618279107,299.9968198955581,0.9710276562835201,-0.7296338828639076,9.526194457896308e-16,nan,source-factored collocation point,piecewise-linear guide to the eye
300.0,1,singlet,0.9375,0.08419713672608742,288.7662751862954,299.99689217251085,0.9717657792519939,-0.6968069732221872,1.0355418905901414e-15,0.9838475804934845,source-factored collocation point,piecewise-linear guide to the eye
300.0,2,singlet,1.225,0.10351660850775812,240.74367177952942,299.9969880213109,0.9827394437707782,-0.6462640164561748,8.842927823210608e-16,0.9747916367017738,source-factored collocation point,piecewise-linear guide to the eye
300.0,3,singlet,1.5125,0.12359112884523929,210.04042423070706,299.99710213310004,1.0070730159914973,-0.5828260469721023,1.0348333431571524e-15,0.9671437939876588,source-factored collocation point,piecewise-linear guide to the eye
300.0,4,singlet,1.7999999999999998,0.1461563164184839,188.08228808106387,299.9972263821426,1.0447130849343782,-0.5145978458325505,1.0299387258726927e-15,0.9624999643539771,source-factored collocation point,piecewise-linear guide to the eye
300.0,5,singlet,2.0875,0.17144665188428448,170.85071668776803,299.9973494448546,1.0939946561763894,-0.4486567439948417,9.073524048295013e-16,0.9604662753732899,source-factored collocation point,piecewise-linear guide to the eye
300.0,6,singlet,2.375,0.19644957481423503,156.45251949453382,299.9974581667538,1.1526133074216693,-0.38945679105541153,8.878267011805489e-16,0.9600101309588288,source-factored collocation point,piecewise-linear guide to the eye
300.0,7,singlet,2.6624999999999996,0.21501638363815573,144.19111443501706,299.9975411070632,1.2172913752690162,-0.3395126460949477,7.980391385861176e-16,0.9607453790874011,source-factored collocation point,piecewise-linear guide to the eye
300.0,8,singlet,2.9499999999999997,0.22138982726300402,133.7971336486267,299.9975932970563,1.2846226889577501,-0.30033882946682744,8.096245004423561e-16,0.962511167047494,source-factored collocation point,piecewise-linear guide to the eye
300.0,9,singlet,3.2375,0.21405445404855383,124.78862139150864,299.9976191297751,1.3542688890071661,-0.272647839760949,7.65485271807595e-16,0.963879014618889,source-factored collocation point,piecewise-linear guide to the eye
300.0,10,singlet,3.525,0.1956487508287248,116.42431021091996,299.99762911073094,1.4306993862515196,-0.2563810789169166,7.955168350866055e-16,0.9623979754954718,source-factored collocation point,piecewise-linear guide to the eye
300.0,11,singlet,3.8124999999999996,0.17040555021883852,108.03021510051194,299.99763260326887,1.521617024962767,-0.2513404571150551,6.251712587889739e-16,0.9564539607267861,source-factored collocation point,piecewise-linear guide to the eye
300.0,12,singlet,4.1,0.14230127903725995,99.2110823131709,299.9976341874792,1.6361972019805509,-0.258333718438492,6.733799056100194e-16,0.9457188623233443,source-factored collocation point,piecewise-linear guide to the eye
500.0,0,tensor,0.65,0.10610014546798752,374.25416853635767,499.9946631262319,1.5738896632381978,-1.3618289578470626,7.80451099550365e-16,nan,source-factored collocation point,piecewise-linear guide to the eye
500.0,1,tensor,0.9375,0.1398145145864767,286.10429628672955,499.9947577915384,1.585239984276576,-1.3384955438844115,7.969070677793109e-16,0.9871923632509615,source-factored collocation point,piecewise-linear guide to the eye
500.0,2,tensor,1.225,0.17189011009196006,236.92713737921625,499.99488948120273,1.5995461709801613,-1.3038628120128268,7.997608938592313e-16,0.9816089524734304,source-factored collocation point,piecewise-linear guide to the eye
500.0,3,tensor,1.5125,0.2057354033667885,204.48756315714962,499.99505069038145,1.6201686737805636,-1.2621598730409573,7.869205466724372e-16,0.9772671263297114,source-factored collocation point,piecewise-linear guide to the eye
500.0,4,tensor,1.7999999999999998,0.2447218029179666,179.98725907411813,499.9952298836929,1.6540868886857183,-1.2196202914464949,7.21676909976058e-16,0.9735171949283346,source-factored collocation point,piecewise-linear guide to the eye
500.0,5,tensor,2.0875,0.2893114324742364,159.39916380423898,499.9954144937657,1.709404946682508,-1.1802663868572958,7.64376077370442e-16,0.9671702422195264,source-factored collocation point,piecewise-linear guide to the eye
500.0,6,tensor,2.375,0.3327246204760244,141.5294918136839,499.99559853015313,1.7842461138484735,-1.1394554941094106,6.601117906470345e-16,0.9591198596501268,source-factored collocation point,piecewise-linear guide to the eye
500.0,7,tensor,2.6624999999999996,0.3612048165697863,127.25628192909947,499.99577807227655,1.8523033990290836,-1.0851820247520043,6.365158116491778e-16,0.9582911983692985,source-factored collocation point,piecewise-linear guide to the eye
500.0,8,tensor,2.9499999999999997,0.3652759754361348,117.34811312680787,499.99592545361014,1.8812659791422863,-1.01387020545598,7.238007434758983e-16,0.9629417325211289,source-factored collocation point,piecewise-linear guide to the eye
500.0,9,tensor,3.2375,0.3472172430770007,110.71833064069806,499.99601011595126,1.869163106102549,-0.9373718164363782,6.570139151231233e-16,0.962718775822039,source-factored collocation point,piecewise-linear guide to the eye
500.0,10,tensor,3.525,0.3144417588034722,105.4695522508136,499.99604290864244,1.836861427752604,-0.8709757053752136,6.106483956089663e-16,0.9643961389579333,source-factored collocation point,piecewise-linear guide to the eye
500.0,11,tensor,3.8124999999999996,0.2735447847314366,100.13215705519544,499.9960525884139,1.8041495333975597,-0.824545216395373,5.916601886575505e-16,0.9723858746654205,source-factored collocation point,piecewise-linear guide to the eye
500.0,12,tensor,4.1,0.22942100463231963,93.90968494491153,499.99605580827273,1.7815896115726548,-0.8028098518334579,5.546055574908375e-16,0.9845780985396961,source-factored collocation point,piecewise-linear guide to the eye
500.0,0,vector,0.65,0.10610014546798752,374.25416853635767,499.9946631262319,1.0118412482136663,-0.9512555732997254,7.954855139009153e-16,nan,source-factored collocation point,piecewise-linear guide to the eye
500.0,1,vector,0.9375,0.1398145145864767,286.10429628672955,499.9947577915384,1.017212630529732,-0.8935777811741498,7.224141045728288e-16,0.9718515995196418,source-factored collocation point,piecewise-linear guide to the eye
500.0,2,vector,1.225,0.17189011009196006,236.92713737921625,499.99488948120273,1.0193594137893889,-0.8033469910538374,7.928089320187802e-16,0.9568204512925336,source-factored collocation point,piecewise-linear guide to the eye
500.0,3,vector,1.5125,0.2057354033667885,204.48756315714962,499.99505069038145,1.0325983734519026,-0.6851864267014076,8.529755610322273e-16,0.9438860178727935,source-factored collocation point,piecewise-linear guide to the eye
500.0,4,vector,1.7999999999999998,0.2447218029179666,179.98725907411813,499.9952298836929,1.0710551963165866,-0.5606321231156377,6.81411299463698e-16,0.9388102016168552,source-factored collocation point,piecewise-linear guide to the eye
500.0,5,vector,2.0875,0.2893114324742364,159.39916380423898,499.9954144937657,1.1414015723680375,-0.44877599353098846,7.52334425303786e-16,0.9380256618663834,source-factored collocation point,piecewise-linear guide to the eye
500.0,6,vector,2.375,0.3327246204760244,141.5294918136839,499.99559853015313,1.2431308968305224,-0.3572554145274717,7.527601703487063e-16,0.9359620154283106,source-factored collocation point,piecewise-linear guide to the eye
500.0,7,vector,2.6624999999999996,0.3612048165697863,127.25628192909947,499.99577807227655,1.3622137939259864,-0.2836492464880824,7.355716805763501e-16,0.9345816161018503,source-factored collocation point,piecewise-linear guide to the eye
500.0,8,vector,2.9499999999999997,0.3652759754361348,117.34811312680787,499.99592545361014,1.4743084706128868,-0.22219576300114346,7.446874718552879e-16,0.9399225725863305,source-factored collocation point,piecewise-linear guide to the eye
500.0,9,vector,3.2375,0.3472172430770007,110.71833064069806,499.99601011595126,1.5689479808630518,-0.17082309393854359,7.393290436685027e-16,0.9489089664210615,source-factored collocation point,piecewise-linear guide to the eye
500.0,10,vector,3.525,0.3144417588034722,105.4695522508136,499.99604290864244,1.655849776761819,-0.13011136538876053,6.417964410595495e-16,0.9542142038129385,source-factored collocation point,piecewise-linear guide to the eye
500.0,11,vector,3.8124999999999996,0.2735447847314366,100.13215705519544,499.9960525884139,1.751970599539408,-0.0998716425082439,6.150035696799878e-16,0.9520339866125875,source-factored collocation point,piecewise-linear guide to the eye
500.0,12,vector,4.1,0.22942100463231963,93.90968494491153,499.99605580827273,1.8736777343314652,-0.07899576097841204,6.619096705144767e-16,0.9418481613474584,source-factored collocation point,piecewise-linear guide to the eye
500.0,0,singlet,0.65,0.10610014546798752,374.25416853635767,499.9946631262319,0.9742094513576898,-0.7391178624613443,1.0568820344299269e-15,nan,source-factored collocation point,piecewise-linear guide to the eye
500.0,1,singlet,0.9375,0.1398145145864767,286.10429628672955,499.9947577915384,0.9779480738987025,-0.7088070310687992,1.0042115720271271e-15,0.9849594101987207,source-factored collocation point,piecewise-linear guide to the eye
500.0,2,singlet,1.225,0.17189011009196006,236.92713737921625,499.99488948120273,0.9945286278004596,-0.6567232361377136,1.1244038034518506e-15,0.9733974013497084,source-factored collocation point,piecewise-linear guide to the eye
500.0,3,singlet,1.5125,0.2057354033667885,204.48756315714962,499.99505069038145,1.0289351546763763,-0.5896105138582246,1.0680472947751093e-15,0.9636611365427176,source-factored collocation point,piecewise-linear guide to the eye
500.0,4,singlet,1.7999999999999998,0.2447218029179666,179.98725907411813,499.9952298836929,1.0829979319451968,-0.5181308818540459,9.952369792493698e-16,0.9571108552878881,source-factored collocation point,piecewise-linear guide to the eye
500.0,5,singlet,2.0875,0.2893114324742364,159.39916380423898,499.9954144937657,1.1571607529184709,-0.45035245256854267,1.024743943625329e-15,0.9521682574007351,source-factored collocation point,piecewise-linear guide to the eye
500.0,6,singlet,2.375,0.3327246204760244,141.5294918136839,499.99559853015313,1.2487098512722952,-0.39040778039719787,8.610936124537027e-16,0.9481240916312105,source-factored collocation point,piecewise-linear guide to the eye
500.0,7,singlet,2.6624999999999996,0.3612048165697863,127.25628192909947,499.99577807227655,1.3445402445388934,-0.3402196368654045,8.97674821158548e-16,0.9486868406709333,source-factored collocation point,piecewise-linear guide to the eye
500.0,8,singlet,2.9499999999999997,0.3652759754361348,117.34811312680787,499.99592545361014,1.425388999212677,-0.3015744679776952,8.433471237043786e-16,0.9571163534252242,source-factored collocation point,piecewise-linear guide to the eye
500.0,9,singlet,3.2375,0.3472172430770007,110.71833064069806,499.99601011595126,1.486838180685024,-0.27638249495617584,7.432703248235861e-16,0.9678609059365851,source-factored collocation point,piecewise-linear guide to the eye
500.0,10,singlet,3.525,0.3144417588034722,105.4695522508136,499.99604290864244,1.5422380255077155,-0.26537925180487953,7.884232957407187e-16,0.9725346580115053,source-factored collocation point,piecewise-linear guide to the eye
500.0,11,singlet,3.8124999999999996,0.2735447847314366,100.13215705519544,499.9960525884139,1.6100788767410963,-0.26787889444719826,7.187444418234138e-16,0.9671708899590541,source-factored collocation point,piecewise-linear guide to the eye
500.0,12,singlet,4.1,0.22942100463231963,93.90968494491153,499.99605580827273,1.707231657376466,-0.2821074527598595,6.64518024446171e-16,0.9532028956516371,source-factored collocation point,piecewise-linear guide to the eye
600.0,0,tensor,0.65,0.12711224372491478,372.98469352241057,599.9935652426198,1.57818010238614,-1.3757814777735693,8.368661251184557e-16,nan,source-factored collocation point,piecewise-linear guide to the eye
600.0,1,tensor,0.9375,0.16735484173051388,284.2920469434108,599.9936569397124,1.5932825417455079,-1.3624998582587289,8.346194328321448e-16,0.9900442071678464,source-factored collocation point,piecewise-linear guide to the eye
600.0,2,tensor,1.225,0.20574082549004347,234.3294505424425,599.9937901560395,1.613412780371271,-1.339504825611702,8.043045392231514e-16,0.9849492944720276,source-factored collocation point,piecewise-linear guide to the eye
600.0,3,tensor,1.5125,0.2466742993620449,200.68101454605403,599.993955156421,1.6446857471952234,-1.3119660958309842,7.680250538470299e-16,0.9795902881130213,source-factored collocation point,piecewise-linear guide to the eye
600.0,4,tensor,1.7999999999999998,0.29466549923702995,174.33418251451602,599.9941362512573,1.6999152712152554,-1.2877835259978456,9.221078143833736e-16,0.9707362973189211,source-factored collocation point,piecewise-linear guide to the eye
600.0,5,tensor,2.0875,0.350473406326454,151.16937867353292,599.9943193823324,1.7952108858520484,-1.2703304669854283,7.327278484412958e-16,0.9537977208060264,source-factored collocation point,piecewise-linear guide to the eye
600.0,6,tensor,2.375,0.40414823692490076,130.60690819933515,599.9945160983107,1.9258573935921657,-1.2476138413323605,6.770298434833558e-16,0.9378193999441125,source-factored collocation point,piecewise-linear guide to the eye
600.0,7,tensor,2.6624999999999996,0.43526004022115367,115.17251071673405,599.9947639408741,2.0347204310982714,-1.1967046588134571,7.448468050570803e-16,0.9433167380987632,source-factored collocation point,piecewise-linear guide to the eye
600.0,8,tensor,2.9499999999999997,0.4338960298812397,106.24589448543337,599.9950208936044,2.062695652955276,-1.1113664448778835,6.781869992373551e-16,0.9570263624238252,source-factored collocation point,piecewise-linear guide to the eye
600.0,9,tensor,3.2375,0.40796691816943387,101.62800514070508,599.9951827506057,2.0210149470655456,-1.013759310664883,6.7283478701668115e-16,0.9496071781254248,source-factored collocation point,piecewise-linear guide to the eye
600.0,10,tensor,3.525,0.36773111900440536,98.5245058668057,599.9952448537044,1.9523710323193662,-0.927697481552555,7.098727171437318e-16,0.9478292827019019,source-factored collocation point,piecewise-linear guide to the eye
600.0,11,tensor,3.8124999999999996,0.319985161906126,95.12475855995932,599.9952616055134,1.88700755635015,-0.8655675940033226,6.191797913231952e-16,0.9568552013060927,source-factored collocation point,piecewise-linear guide to the eye
600.0,12,tensor,4.1,0.26925605698710736,90.51208444624241,599.9952662180749,1.838268540653448,-0.83200908133587,5.928833495918813e-16,0.9712628235841941,source-factored collocation point,piecewise-linear guide to the eye
600.0,0,vector,0.65,0.12711224372491478,372.98469352241057,599.9935652426198,1.0200303834280937,-0.940650298076898,7.61766365661812e-16,nan,source-factored collocation point,piecewise-linear guide to the eye
600.0,1,vector,0.9375,0.16735484173051388,284.2920469434108,599.9936569397124,1.032097971697526,-0.8794115849867131,1.02087473072905e-15,0.9697362775512018,source-factored collocation point,piecewise-linear guide to the eye
600.0,2,vector,1.225,0.20574082549004347,234.3294505424425,599.9937901560395,1.0424805819329612,-0.7895357287621027,8.188326268946808e-16,0.9567210138629114,source-factored collocation point,piecewise-linear guide to the eye
600.0,3,vector,1.5125,0.2466742993620449,200.68101454605403,599.993955156421,1.0651999090197215,-0.6750691732357924,7.377133067047428e-16,0.9448672582982969,source-factored collocation point,piecewise-linear guide to the eye
600.0,4,vector,1.7999999999999998,0.29466549923702995,174.33418251451602,599.9941362512573,1.1169852705720442,-0.5554980809001621,7.60929957028598e-16,0.9388334180684382,source-factored collocation point,piecewise-linear guide to the eye
600.0,5,vector,2.0875,0.350473406326454,151.16937867353292,599.9943193823324,1.2103034679965408,-0.44940170512456584,9.027160206675794e-16,0.9340135352715397,source-factored collocation point,piecewise-linear guide to the eye
600.0,6,vector,2.375,0.40414823692490076,130.60690819933515,599.9945160983107,1.3485362648810137,-0.36427714749067724,8.040675311316798e-16,0.924923634058285,source-factored collocation point,piecewise-linear guide to the eye
600.0,7,vector,2.6624999999999996,0.43526004022115367,115.17251071673405,599.9947639408741,1.5040477683224223,-0.29463885732661804,8.101242429485308e-16,0.9214926656680138,source-factored collocation point,piecewise-linear guide to the eye
600.0,8,vector,2.9499999999999997,0.4338960298812397,106.24589448543337,599.9950208936044,1.6277589617287782,-0.23238648263358452,6.520928570382844e-16,0.9352388183516713,source-factored collocation point,piecewise-linear guide to the eye
600.0,9,vector,3.2375,0.40796691816943387,101.62800514070508,599.9951827506057,1.7094384667656168,-0.17814664065323071,8.28569522739119e-16,0.9532668243246698,source-factored collocation point,piecewise-linear guide to the eye
600.0,10,vector,3.525,0.36773111900440536,98.5245058668057,599.9952448537044,1.7729839490955626,-0.13480919744192948,6.351313597909727e-16,0.9629659691455725,source-factored collocation point,piecewise-linear guide to the eye
600.0,11,vector,3.8124999999999996,0.319985161906126,95.12475855995932,599.9952616055134,1.844572867163921,-0.10279487704139503,7.342073721666357e-16,0.962268844994214,source-factored collocation point,piecewise-linear guide to the eye
600.0,12,vector,4.1,0.26925605698710736,90.51208444624241,599.9952662180749,1.944245565828229,-0.08078279467624722,6.601846072999625e-16,0.9514411197822796,source-factored collocation point,piecewise-linear guide to the eye
600.0,0,singlet,0.65,0.12711224372491478,372.98469352241057,599.9935652426198,0.9763856574377986,-0.7457209649180737,9.98055063986512e-16,nan,source-factored collocation point,piecewise-linear guide to the eye
600.0,1,singlet,0.9375,0.16735484173051388,284.2920469434108,599.9936569397124,0.9821525526181667,-0.7171814661944005,1.0144934154295072e-15,0.9856507390310617,source-factored collocation point,piecewise-linear guide to the eye
600.0,2,singlet,1.225,0.20574082549004347,234.3294505424425,599.9937901560395,1.0026966318308477,-0.6641259958374444,1.0076191940360228e-15,0.9723397864773892,source-factored collocation point,piecewise-linear guide to the eye
600.0,3,singlet,1.5125,0.2466742993620449,200.68101454605403,599.993955156421,1.0446564257416766,-0.5948692129726728,1.0198302970384684e-15,0.9610874506424004,source-factored collocation point,piecewise-linear guide to the eye
600.0,4,singlet,1.7999999999999998,0.29466549923702995,174.33418251451602,599.9941362512573,1.112006570808868,-0.5219108730932552,9.333268845054086e-16,0.9527020116812966,source-factored collocation point,piecewise-linear guide to the eye
600.0,5,singlet,2.0875,0.350473406326454,151.16937867353292,599.9943193823324,1.2087337675072183,-0.45399559995392497,9.734287944899079e-16,0.9442028162881088,source-factored collocation point,piecewise-linear guide to the eye
600.0,6,singlet,2.375,0.40414823692490076,130.60690819933515,599.9945160983107,1.3336486942694903,-0.3948224071382529,9.936472589718292e-16,0.9353567548943578,source-factored collocation point,piecewise-linear guide to the eye
600.0,7,singlet,2.6624999999999996,0.43526004022115367,115.17251071673405,599.9947639408741,1.459951514456503,-0.34482865052321404,9.005296743329924e-16,0.936400904349258,source-factored collocation point,piecewise-linear guide to the eye
600.0,8,singlet,2.9499999999999997,0.4338960298812397,106.24589448543337,599.9950208936044,1.547108675526033,-0.3054301893883898,8.11013210247919e-16,0.9543585816724066,source-factored collocation point,piecewise-linear guide to the eye
600.0,9,singlet,3.2375,0.40796691816943387,101.62800514070508,599.9951827506057,1.5930555717766517,-0.2801459039893484,7.905413115392687e-16,0.974447846355968,source-factored collocation point,piecewise-linear guide to the eye
600.0,10,singlet,3.525,0.36773111900440536,98.5245058668057,599.9952448537044,1.6252149005957397,-0.2711746526371192,7.222889763577452e-16,0.9835804957960241,source-factored collocation point,piecewise-linear guide to the eye
600.0,11,singlet,3.8124999999999996,0.319985161906126,95.12475855995932,599.9952616055134,1.6710022924203747,-0.27883715756899147,6.591471107299367e-16,0.9773145151813303,source-factored collocation point,piecewise-linear guide to the eye
600.0,12,singlet,4.1,0.26925605698710736,90.51208444624241,599.9952662180749,1.7535958676299217,-0.30079139052080767,6.798806071921182e-16,0.9590202903464405,source-factored collocation point,piecewise-linear guide to the eye
700.0,0,tensor,0.65,0.1480118069340827,371.4927099543969,699.9924506653007,1.583338300102933,-1.392523122589788,8.455214466745487e-16,nan,source-factored collocation point,piecewise-linear guide to the eye
700.0,1,tensor,0.9375,0.19466654300067585,282.1689393442275,699.9925264916752,1.6031017047064355,-1.3916427525588821,6.731560203523795e-16,0.9902053819142297,source-factored collocation point,piecewise-linear guide to the eye
700.0,2,tensor,1.225,0.23930235816856807,231.2870555059859,699.9926455153852,1.6308032703290665,-1.3834917539805032,8.4068498950634995e-16,0.9857675551223467,source-factored collocation point,piecewise-linear guide to the eye
700.0,3,tensor,1.5125,0.2874970401930609,196.19415199418373,699.9927929557116,1.6769617052811017,-1.3748150345731494,7.522272660124072e-16,0.977055384940236,source-factored collocation point,piecewise-linear guide to the eye
700.0,4,tensor,1.7999999999999998,0.3452514577828832,167.5490419012329,699.9929417571474,1.7646153843506844,-1.3756595660350124,7.72753942512705e-16,0.9580114376716861,source-factored collocation point,piecewise-linear guide to the eye
700.0,5,tensor,2.0875,0.41399737692333793,140.97717251208408,699.9930647063028,1.923962715962727,-1.3875538544538222,8.182421249963163e-16,0.9260156841304141,source-factored collocation point,piecewise-linear guide to the eye
700.0,6,tensor,2.375,0.47896924985025324,116.81890976088606,699.9932029660343,2.145115170015651,-1.3928223066080743,7.067871246086442e-16,0.9004080290758265,source-factored collocation point,piecewise-linear guide to the eye
700.0,7,tensor,2.6624999999999996,0.5091289666580618,100.52544748021381,699.9935299721943,2.3109157110796303,-1.3479795252679092,7.707514150622476e-16,0.9209130627212403,source-factored collocation point,piecewise-linear guide to the eye
700.0,8,tensor,2.9499999999999997,0.4981939664328403,93.58985686994822,699.9939986853319,2.3181547673445935,-1.237670334261971,8.128540895438829e-16,0.9476218744566783,source-factored collocation point,piecewise-linear guide to the eye
700.0,9,tensor,3.2375,0.46317150276803765,91.6070331160779,699.9943186304118,2.2211889167332637,-1.1083116819511405,6.845556783437011e-16,0.9252121257112826,source-factored collocation point,piecewise-linear guide to the eye
700.0,10,tensor,3.525,0.4159350996137308,90.93343566849819,699.9944395956992,2.0979212465551154,-0.9961150728335296,5.978845676661384e-16,0.923070251938725,source-factored collocation point,piecewise-linear guide to the eye
700.0,11,tensor,3.8124999999999996,0.36238036478267516,89.6237163646533,699.9944695499128,1.988368111642139,-0.9145127585196627,6.260007881468726e-16,0.9360646160779211,source-factored collocation point,piecewise-linear guide to the eye
700.0,12,tensor,4.1,0.30618894890611914,86.73629552162569,699.9944763620381,1.9062885058688201,-0.866706077954844,5.850353008993322e-16,0.9546598373329513,source-factored collocation point,piecewise-linear guide to the eye
700.0,0,vector,0.65,0.1480118069340827,371.4927099543969,699.9924506653007,1.0298056220076317,-0.9292481419362062,9.306831110958988e-16,nan,source-factored collocation point,piecewise-linear guide to the eye
700.0,1,vector,0.9375,0.19466654300067585,282.1689393442275,699.9925264916752,1.049677822393349,-0.8649456720719126,8.951120843165503e-16,0.9674439931686384,source-factored collocation point,piecewise-linear guide to the eye
700.0,2,vector,1.225,0.23930235816856807,231.2870555059859,699.9926455153852,1.0695553561318631,-0.7760588044825706,8.71804822120452e-16,0.9564424926871183,source-factored collocation point,piecewise-linear guide to the eye
700.0,3,vector,1.5125,0.2874970401930609,196.19415199418373,699.9927929557116,1.1039295093791568,-0.6658232130141497,8.432351875847755e-16,0.9454161002767965,source-factored collocation point,piecewise-linear guide to the eye
700.0,4,vector,1.7999999999999998,0.3452514577828832,167.5490419012329,699.9929417571474,1.1741144013288827,-0.5520089151755034,7.758347606855642e-16,0.9373324495758902,source-factored collocation point,piecewise-linear guide to the eye
700.0,5,vector,2.0875,0.41399737692333793,140.97717251208408,699.9930647063028,1.3036241922379233,-0.45346985082095465,8.196323161493923e-16,0.9247549281990035,source-factored collocation point,piecewise-linear guide to the eye
700.0,6,vector,2.375,0.47896924985025324,116.81890976088606,699.9932029660343,1.506312612664416,-0.37780608228102036,7.730385184641099e-16,0.9023842885158734,source-factored collocation point,piecewise-linear guide to the eye
700.0,7,vector,2.6624999999999996,0.5091289666580618,100.52544748021381,699.9935299721943,1.7203048596905512,-0.31235843951943537,8.972856056237212e-16,0.8993708185056686,source-factored collocation point,piecewise-linear guide to the eye
700.0,8,vector,2.9499999999999997,0.4981939664328403,93.58985686994822,699.9939986853319,1.8471946049688677,-0.24630301485794212,7.560268255750341e-16,0.9332477821408997,source-factored collocation point,piecewise-linear guide to the eye
700.0,9,vector,3.2375,0.46317150276803765,91.6070331160779,699.9943186304118,1.896919612623649,-0.1870806482064822,7.088247405995555e-16,0.9627745217056007,source-factored collocation point,piecewise-linear guide to the eye
700.0,10,vector,3.525,0.4159350996137308,90.93343566849819,699.9944395956992,1.9216171687345591,-0.14024760831635266,7.160133129445176e-16,0.9742096379142365,source-factored collocation point,piecewise-linear guide to the eye
700.0,11,vector,3.8124999999999996,0.36238036478267516,89.6237163646533,699.9944695499128,1.958269873115367,-0.10611148377561708,6.936887469516012e-16,0.975568410134809,source-factored collocation point,piecewise-linear guide to the eye
700.0,12,vector,4.1,0.30618894890611914,86.73629552162569,699.9944763620381,2.029148865774129,-0.08283170182574913,6.671709906383009e-16,0.9640393304889527,source-factored collocation point,piecewise-linear guide to the eye
700.0,0,singlet,0.65,0.1480118069340827,371.4927099543969,699.9924506653007,0.9789455692902195,-0.7536135071051959,1.1073268538094278e-15,nan,source-factored collocation point,piecewise-linear guide to the eye
700.0,1,singlet,0.9375,0.19466654300067585,282.1689393442275,699.9925264916752,0.9870698610779323,-0.7272108400607888,1.0666060494355293e-15,0.9863760000083484,source-factored collocation point,piecewise-linear guide to the eye
700.0,2,singlet,1.225,0.23930235816856807,231.2870555059859,699.9926455153852,1.0124137743204473,-0.6731019860359607,9.979534473007855e-16,0.9709915481842467,source-factored collocation point,piecewise-linear guide to the eye
700.0,3,singlet,1.5125,0.2874970401930609,196.19415199418373,699.9927929557116,1.0639932545264392,-0.6017355626100223,9.674308980179833e-16,0.9578293683257546,source-factored collocation point,piecewise-linear guide to the eye
700.0,4,singlet,1.7999999999999998,0.3452514577828832,167.5490419012329,699.9929417571474,1.1495152020527286,-0.5279467442942469,9.192865022287348e-16,0.9465417685665231,source-factored collocation point,piecewise-linear guide to the eye
700.0,5,singlet,2.0875,0.41399737692333793,140.97717251208408,699.9930647063028,1.281028104115167,-0.46158130549549403,1.123479988764371e-15,0.9313982142167428,source-factored collocation point,piecewise-linear guide to the eye
700.0,6,singlet,2.375,0.47896924985025324,116.81890976088606,699.9932029660343,1.463878738366161,-0.4057811671284713,8.795720352864762e-16,0.9127521496101787,source-factored collocation point,piecewise-linear guide to the eye
700.0,7,singlet,2.6624999999999996,0.5091289666580618,100.52544748021381,699.9935299721943,1.633684715130183,-0.358582957667976,8.161803072968991e-16,0.9190148435623845,source-factored collocation point,piecewise-linear guide to the eye
700.0,8,singlet,2.9499999999999997,0.4981939664328403,93.58985686994822,699.9939986853319,1.6713839969406974,-0.31880941999447027,7.713200629286447e-16,0.9733301752967991,source-factored collocation point,piecewise-linear guide to the eye
700.0,9,singlet,3.2375,0.46317150276803765,91.6070331160779,699.9943186304118,1.6937000416503258,-0.2851157744522517,7.062574770540572e-16,0.9801933767146239,source-factored collocation point,piecewise-linear guide to the eye
700.0,10,singlet,3.525,0.4159350996137308,90.93343566849819,699.9944395956992,1.714698488227886,-0.27718967228082064,6.931202660905951e-16,0.988902266491268,source-factored collocation point,piecewise-linear guide to the eye
700.0,11,singlet,3.8124999999999996,0.36238036478267516,89.6237163646533,699.9944695499128,1.7370267453420145,-0.290093277010912,6.640239291964447e-16,0.9872698257183156,source-factored collocation point,piecewise-linear guide to the eye
700.0,12,singlet,4.1,0.30618894890611914,86.73629552162569,699.9944763620381,1.8000120850968515,-0.3253104738313459,6.502601575242398e-16,0.9651753421863777,source-factored collocation point,piecewise-linear guide to the eye
