D_B_hat,Gamma_s_hat,T_MeV,background,c_s_squared,charge_fraction,chi_B,chi_B_over_T2,fold_coordinate,mode,mu_B_MeV,omega_hat_imag,omega_hat_real,phi0,primitive_constraint_maximum,projection_delta_epsilon,projection_delta_rho_B,projection_delta_u_z,provenance,qhat,record_type,source_determinant_abs,source_singular_value,susceptibility_determinant,susceptibility_eigenvalues
0.06006286409587455,0.4001682754377701,99.19046554945395,hot_stable,0.13077177860253247,0.45425483938006456,16938.322988464683,1.7215932559265004,-0.21,sound_minus,649.9999999921937,-2.5010528919878073e-06,-0.0009040588842440387,3.031381881255853,,0.46931322479547916,0.4693134667277442,0.0613733084767766,,0.0025,hydrodynamic_eigenmode,,,1388345080.0671008,"[1354189.8299727077, 1025.2219071052077]"
0.06006286409587455,0.4001682754377701,99.19046554945395,hot_stable,0.13077177860253247,0.45425483938006456,16938.322988464683,1.7215932559265004,-0.21,diffusion,649.9999999921937,-3.7539055957644694e-07,-2.2327669249613394e-20,3.031381881255853,,0.2897820305190322,0.7102179629472838,6.5336840167152234e-09,,0.0025,hydrodynamic_eigenmode,,,1388345080.0671008,"[1354189.8299727077, 1025.2219071052077]"
0.06006286409587455,0.4001682754377701,99.19046554945395,hot_stable,0.13077177860253247,0.45425483938006456,16938.322988464683,1.7215932559265004,-0.21,sound_plus,649.9999999921937,-2.501052891987699e-06,0.0009040588842440382,3.031381881255853,,0.46931322479547916,0.4693134667277442,0.06137330847677657,,0.0025,hydrodynamic_eigenmode,,,1388345080.0671008,"[1354189.8299727077, 1025.2219071052077]"
0.06006286409587455,0.4001682754377701,99.19046554945395,hot_stable,0.13077177860253247,0.45425483938006456,16938.322988464683,1.7215932559265004,-0.21,sound_minus,649.9999999921937,-1.0004225636343854e-05,-0.0018081139521442036,3.031381881255853,,0.4693123444408628,0.4693133121552539,0.06137434340388324,,0.005,hydrodynamic_eigenmode,,,1388345080.0671008,"[1354189.8299727077, 1025.2219071052077]"
0.06006286409587455,0.4001682754377701,99.19046554945395,hot_stable,0.13077177860253247,0.45425483938006456,16938.322988464683,1.7215932559265004,-0.21,diffusion,649.9999999921937,-1.5015341015141624e-06,1.7125234152315986e-19,3.031381881255853,,0.2897826004924152,0.7102173733737767,2.6133808035319913e-08,,0.005,hydrodynamic_eigenmode,,,1388345080.0671008,"[1354189.8299727077, 1025.2219071052077]"
0.06006286409587455,0.4001682754377701,99.19046554945395,hot_stable,0.13077177860253247,0.45425483938006456,16938.322988464683,1.7215932559265004,-0.21,sound_plus,649.9999999921937,-1.0004225636343164e-05,0.0018081139521442032,3.031381881255853,,0.4693123444408628,0.469313312155254,0.06137434340388325,,0.005,hydrodynamic_eigenmode,,,1388345080.0671008,"[1354189.8299727077, 1025.2219071052077]"
0.06006286409587455,0.4001682754377701,99.19046554945395,hot_stable,0.13077177860253247,0.45425483938006456,16938.322988464683,1.7215932559265004,-0.21,sound_minus,649.9999999921937,-2.250956043651254e-05,-0.0027121613876605467,3.031381881255853,,0.4693108771953275,0.46931305449769367,0.061376068306978726,,0.0075,hydrodynamic_eigenmode,,,1388345080.0671008,"[1354189.8299727077, 1025.2219071052077]"
0.06006286409587455,0.4001682754377701,99.19046554945395,hot_stable,0.13077177860253247,0.45425483938006456,16938.322988464683,1.7215932559265004,-0.21,diffusion,649.9999999921937,-3.3783462189362717e-06,1.4449005929597845e-19,3.031381881255853,,0.2897835504106595,0.7102163907917524,5.8797588146872915e-08,,0.0075,hydrodynamic_eigenmode,,,1388345080.0671008,"[1354189.8299727077, 1025.2219071052077]"
0.06006286409587455,0.4001682754377701,99.19046554945395,hot_stable,0.13077177860253247,0.45425483938006456,16938.322988464683,1.7215932559265004,-0.21,sound_plus,649.9999999921937,-2.250956043651303e-05,0.002712161387660546,3.031381881255853,,0.4693108771953277,0.46931305449769356,0.06137606830697864,,0.0075,hydrodynamic_eigenmode,,,1388345080.0671008,"[1354189.8299727077, 1025.2219071052077]"
0.06006286409587455,0.4001682754377701,99.19046554945395,hot_stable,0.13077177860253247,0.45425483938006456,16938.322988464683,1.7215932559265004,-0.21,sound_minus,649.9999999921937,-4.0017127625744716e-05,-0.0036161973753609266,3.031381881255853,,0.4693088230771047,0.46931269369995915,0.06137848322293614,,0.01,hydrodynamic_eigenmode,,,1388345080.0671008,"[1354189.8299727077, 1025.2219071052077]"
0.06006286409587455,0.4001682754377701,99.19046554945395,hot_stable,0.13077177860253247,0.45425483938006456,16938.322988464683,1.7215932559265004,-0.21,diffusion,649.9999999921937,-6.00568624532581e-06,-3.0467590863612517e-20,3.031381881255853,,0.2897848802176705,0.7102150152619444,1.0452038512619439e-07,,0.01,hydrodynamic_eigenmode,,,1388345080.0671008,"[1354189.8299727077, 1025.2219071052077]"
0.06006286409587455,0.4001682754377701,99.19046554945395,hot_stable,0.13077177860253247,0.45425483938006456,16938.322988464683,1.7215932559265004,-0.21,sound_plus,649.9999999921937,-4.001712762574381e-05,0.0036161973753609244,3.031381881255853,,0.4693088230771047,0.469312693699959,0.061378483222936195,,0.01,hydrodynamic_eigenmode,,,1388345080.0671008,"[1354189.8299727077, 1025.2219071052077]"
0.06006286409587455,0.4001682754377701,99.19046554945395,hot_stable,0.13077177860253247,0.45425483938006456,16938.322988464683,1.7215932559265004,-0.21,sound_minus,649.9999999921937,-9.00393810979811e-05,-0.005424219750447088,3.031381881255853,,0.4693029543320094,0.46931166235336125,0.06138538331462948,,0.015,hydrodynamic_eigenmode,,,1388345080.0671008,"[1354189.8299727077, 1025.2219071052077]"
0.06006286409587455,0.4001682754377701,99.19046554945395,hot_stable,0.13077177860253247,0.45425483938006456,16938.322988464683,1.7215932559265004,-0.21,diffusion,649.9999999921937,-1.3511106171869187e-05,-9.926237289968702e-19,3.031381881255853,,0.28978867916147605,0.7102110857233217,2.3511520213062488e-07,,0.015,hydrodynamic_eigenmode,,,1388345080.0671008,"[1354189.8299727077, 1025.2219071052077]"
0.06006286409587455,0.4001682754377701,99.19046554945395,hot_stable,0.13077177860253247,0.45425483938006456,16938.322988464683,1.7215932559265004,-0.21,sound_plus,649.9999999921937,-9.003938109797861e-05,0.005424219750447091,3.031381881255853,,0.4693029543320094,0.46931166235336097,0.06138538331462967,,0.015,hydrodynamic_eigenmode,,,1388345080.0671008,"[1354189.8299727077, 1025.2219071052077]"
0.06006286409587455,0.4001682754377701,99.19046554945395,hot_stable,0.13077177860253247,0.45425483938006456,16938.322988464683,1.7215932559265004,-0.21,sound_minus,649.9999999921937,-0.00016007211089834512,-0.0072321505776437615,3.031381881255853,,0.46929473849731884,0.4693102172340693,0.06139504426861184,,0.02,hydrodynamic_eigenmode,,,1388345080.0671008,"[1354189.8299727077, 1025.2219071052077]"
0.06006286409587455,0.4001682754377701,99.19046554945395,hot_stable,0.13077177860253247,0.45425483938006456,16938.322988464683,1.7215932559265004,-0.21,diffusion,649.9999999921937,-2.4015544190561103e-05,3.5947487367580144e-20,3.031381881255853,,0.28979399642658626,0.7102055857293303,4.17844083477892e-07,,0.02,hydrodynamic_eigenmode,,,1388345080.0671008,"[1354189.8299727077, 1025.2219071052077]"
0.06006286409587455,0.4001682754377701,99.19046554945395,hot_stable,0.13077177860253247,0.45425483938006456,16938.322988464683,1.7215932559265004,-0.21,sound_plus,649.9999999921937,-0.00016007211089834596,0.007232150577643763,3.031381881255853,,0.46929473849731884,0.4693102172340692,0.06139504426861188,,0.02,hydrodynamic_eigenmode,,,1388345080.0671008,"[1354189.8299727077, 1025.2219071052077]"
0.06006286409587455,0.4001682754377701,99.19046554945395,hot_stable,0.13077177860253247,0.45425483938006456,16938.322988464683,1.7215932559265004,-0.21,sound_minus,649.9999999921937,-0.0003601757438812232,-0.010847615744800893,3.031381881255853,,0.46927126730949226,0.4693060803922927,0.06142265229821512,,0.03,hydrodynamic_eigenmode,,,1388345080.0671008,"[1354189.8299727077, 1025.2219071052077]"
0.06006286409587455,0.4001682754377701,99.19046554945395,hot_stable,0.13077177860253247,0.45425483938006456,16938.322988464683,1.7215932559265004,-0.21,diffusion,649.9999999921937,-5.4007985708889986e-05,9.345908496562867e-19,3.031381881255853,,0.289809180539463,0.7101898802010518,9.392594852925554e-07,,0.03,hydrodynamic_eigenmode,,,1388345080.0671008,"[1354189.8299727077, 1025.2219071052077]"
0.06006286409587455,0.4001682754377701,99.19046554945395,hot_stable,0.13077177860253247,0.45425483938006456,16938.322988464683,1.7215932559265004,-0.21,sound_plus,649.9999999921937,-0.0003601757438812296,0.01084761574480089,3.031381881255853,,0.4692712673094921,0.4693060803922927,0.06142265229821512,,0.03,hydrodynamic_eigenmode,,,1388345080.0671008,"[1354189.8299727077, 1025.2219071052077]"
0.06006286409587455,0.4001682754377701,99.19046554945395,hot_stable,0.13077177860253247,0.45425483938006456,16938.322988464683,1.7215932559265004,-0.21,sound_minus,649.9999999921937,-0.001000607961193357,-0.018076109942056336,3.031381881255853,,0.4691961856437419,0.4692927636604428,0.06151105069581537,,0.05,hydrodynamic_eigenmode,,,1388345080.0671008,"[1354189.8299727077, 1025.2219071052077]"
0.06006286409587455,0.4001682754377701,99.19046554945395,hot_stable,0.13077177860253247,0.45425483938006456,16938.322988464683,1.7215932559265004,-0.21,diffusion,649.9999999921937,-0.00014978261503361353,-1.387753311734862e-18,3.031381881255853,,0.2898576893996425,0.7101397094369585,2.60116339914124e-06,,0.05,hydrodynamic_eigenmode,,,1388345080.0671008,"[1354189.8299727077, 1025.2219071052077]"
0.06006286409587455,0.4001682754377701,99.19046554945395,hot_stable,0.13077177860253247,0.45425483938006456,16938.322988464683,1.7215932559265004,-0.21,sound_plus,649.9999999921937,-0.0010006079611933475,0.01807610994205634,3.031381881255853,,0.4691961856437419,0.4692927636604428,0.06151105069581537,,0.05,hydrodynamic_eigenmode,,,1388345080.0671008,"[1354189.8299727077, 1025.2219071052077]"
0.007960177589516022,0.42466703287667434,98.71956182328283,near_hot_stable,0.13140527974343616,0.4376150288949836,85561.0252696934,8.779495124078688,-0.04,sound_minus,649.9999999970939,-2.6541691526359827e-06,-0.0009062463644353945,3.156381881255853,,0.4691738106971148,0.46917378407263316,0.06165240523025207,,0.0025,hydrodynamic_eigenmode,,,6261794722.828066,"[8055413.572955328, 777.3399424023373]"
0.007960177589516022,0.42466703287667434,98.71956182328283,near_hot_stable,0.13140527974343616,0.4376150288949836,85561.0252696934,8.779495124078688,-0.04,diffusion,649.9999999970939,-4.975071563838681e-08,-9.799928271700043e-21,3.156381881255853,,0.2854216534792243,0.7145783464077426,1.1303308081228148e-10,,0.0025,hydrodynamic_eigenmode,,,6261794722.828066,"[8055413.572955328, 777.3399424023373]"
0.007960177589516022,0.42466703287667434,98.71956182328283,near_hot_stable,0.13140527974343616,0.4376150288949836,85561.0252696934,8.779495124078688,-0.04,sound_plus,649.9999999970939,-2.654169152635604e-06,0.0009062463644353945,3.156381881255853,,0.46917381069711495,0.469173784072633,0.0616524052302521,,0.0025,hydrodynamic_eigenmode,,,6261794722.828066,"[8055413.572955328, 777.3399424023373]"
0.007960177589516022,0.42466703287667434,98.71956182328283,near_hot_stable,0.13140527974343616,0.4376150288949836,85561.0252696934,8.779495124078688,-0.04,sound_minus,649.9999999970939,-1.061667897996781e-05,-0.0018124909898064603,3.156381881255853,,0.46917315935006215,0.4691730528490632,0.06165378780087475,,0.005,hydrodynamic_eigenmode,,,6261794722.828066,"[8055413.572955328, 777.3399424023373]"
0.007960177589516022,0.42466703287667434,98.71956182328283,near_hot_stable,0.13140527974343616,0.4376150288949836,85561.0252696934,8.779495124078688,-0.04,diffusion,649.9999999970939,-1.9899812369669234e-07,-8.016419739653794e-20,3.156381881255853,,0.2854217422275842,0.7145782573203049,4.5211093085197567e-10,,0.005,hydrodynamic_eigenmode,,,6261794722.828066,"[8055413.572955328, 777.3399424023373]"
0.007960177589516022,0.42466703287667434,98.71956182328283,near_hot_stable,0.13140527974343616,0.4376150288949836,85561.0252696934,8.779495124078688,-0.04,sound_plus,649.9999999970939,-1.0616678979967795e-05,0.0018124909898064611,3.156381881255853,,0.46917315935006215,0.4691730528490629,0.06165378780087483,,0.005,hydrodynamic_eigenmode,,,6261794722.828066,"[8055413.572955328, 777.3399424023373]"
0.007960177589516022,0.42466703287667434,98.71956182328283,near_hot_stable,0.13140527974343616,0.4376150288949836,85561.0252696934,8.779495124078688,-0.04,sound_minus,649.9999999970939,-2.3887536589741248e-05,-0.0027187321371113836,3.156381881255853,,0.4691720737777661,0.4691718341390067,0.061656092083227226,,0.0075,hydrodynamic_eigenmode,,,6261794722.828066,"[8055413.572955328, 777.3399424023373]"
0.007960177589516022,0.42466703287667434,98.71956182328283,near_hot_stable,0.13140527974343616,0.4376150288949836,85561.0252696934,8.779495124078688,-0.04,diffusion,649.9999999970939,-4.477280086903867e-07,-2.874270818278978e-19,3.156381881255853,,0.2854218901323582,0.7145781088504725,1.0171693801679303e-09,,0.0075,hydrodynamic_eigenmode,,,6261794722.828066,"[8055413.572955328, 777.3399424023373]"
0.007960177589516022,0.42466703287667434,98.71956182328283,near_hot_stable,0.13140527974343616,0.4376150288949836,85561.0252696934,8.779495124078688,-0.04,sound_plus,649.9999999970939,-2.3887536589740187e-05,0.002718732137111384,3.156381881255853,,0.4691720737777664,0.4691718341390063,0.06165609208322727,,0.0075,hydrodynamic_eigenmode,,,6261794722.828066,"[8055413.572955328, 777.3399424023373]"
0.007960177589516022,0.42466703287667434,98.71956182328283,near_hot_stable,0.13140527974343616,0.4376150288949836,85561.0252696934,8.779495124078688,-0.04,sound_minus,649.9999999970939,-4.246675382638369e-05,-0.0036249680674734124,3.156381881255853,,0.4691705539894172,0.46917012793630253,0.06165931807428014,,0.01,hydrodynamic_eigenmode,,,6261794722.828066,"[8055413.572955328, 777.3399424023373]"
0.007960177589516022,0.42466703287667434,98.71956182328283,near_hot_stable,0.13140527974343616,0.4376150288949836,85561.0252696934,8.779495124078688,-0.04,diffusion,649.9999999970939,-7.959166817587811e-07,3.205382251588725e-20,3.156381881255853,,0.2854220971798109,0.7145779010120876,1.808101503665447e-09,,0.01,hydrodynamic_eigenmode,,,6261794722.828066,"[8055413.572955328, 777.3399424023373]"
0.007960177589516022,0.42466703287667434,98.71956182328283,near_hot_stable,0.13140527974343616,0.4376150288949836,85561.0252696934,8.779495124078688,-0.04,sound_plus,649.9999999970939,-4.24667538263853e-05,0.003624968067473411,3.156381881255853,,0.46917055398941726,0.4691701279363026,0.061659318074280114,,0.01,hydrodynamic_eigenmode,,,6261794722.828066,"[8055413.572955328, 777.3399424023373]"
0.007960177589516022,0.42466703287667434,98.71956182328283,near_hot_stable,0.13140527974343616,0.4376150288949836,85561.0252696934,8.779495124078688,-0.04,sound_minus,649.9999999970939,-9.555033822412802e-05,-0.005437417322861567,3.156381881255853,,0.469166211819684,0.4691652530160225,0.06166853516429353,,0.015,hydrodynamic_eigenmode,,,6261794722.828066,"[8055413.572955328, 777.3399424023373]"
0.007960177589516022,0.42466703287667434,98.71956182328283,near_hot_stable,0.13140527974343616,0.4376150288949836,85561.0252696934,8.779495124078688,-0.04,diffusion,649.9999999970939,-1.790528304425949e-06,1.6461196655187022e-19,3.156381881255853,,0.28542268862035897,0.7145773073126955,4.066945532092395e-09,,0.015,hydrodynamic_eigenmode,,,6261794722.828066,"[8055413.572955328, 777.3399424023373]"
0.007960177589516022,0.42466703287667434,98.71956182328283,near_hot_stable,0.13140527974343616,0.4376150288949836,85561.0252696934,8.779495124078688,-0.04,sound_plus,649.9999999970939,-9.55503382241282e-05,0.005437417322861567,3.156381881255853,,0.46916621181968393,0.46916525301602263,0.06166853516429346,,0.015,hydrodynamic_eigenmode,,,6261794722.828066,"[8055413.572955328, 777.3399424023373]"
0.007960177589516022,0.42466703287667434,98.71956182328283,near_hot_stable,0.13140527974343616,0.4376150288949836,85561.0252696934,8.779495124078688,-0.04,sound_minus,649.9999999970939,-0.0001698676215325626,-0.007249824849829428,3.156381881255853,,0.46916013298783493,0.4691584279898355,0.061681439022329525,,0.02,hydrodynamic_eigenmode,,,6261794722.828066,"[8055413.572955328, 777.3399424023373]"
0.007960177589516022,0.42466703287667434,98.71956182328283,near_hot_stable,0.13140527974343616,0.4376150288949836,85561.0252696934,8.779495124078688,-0.04,diffusion,649.9999999970939,-3.182454272982822e-06,-6.760679200970144e-19,3.156381881255853,,0.2854235163296208,0.7145764764434448,7.226934279278009e-09,,0.02,hydrodynamic_eigenmode,,,6261794722.828066,"[8055413.572955328, 777.3399424023373]"
0.007960177589516022,0.42466703287667434,98.71956182328283,near_hot_stable,0.13140527974343616,0.4376150288949836,85561.0252696934,8.779495124078688,-0.04,sound_plus,649.9999999970939,-0.00016986762153256115,0.007249824849829426,3.156381881255853,,0.4691601329878352,0.4691584279898353,0.06168143902232951,,0.02,hydrodynamic_eigenmode,,,6261794722.828066,"[8055413.572955328, 777.3399424023373]"
0.007960177589516022,0.42466703287667434,98.71956182328283,near_hot_stable,0.13140527974343616,0.4376150288949836,85561.0252696934,8.779495124078688,-0.04,sound_minus,649.9999999970939,-0.0003822044195847915,-0.010874459125873214,3.156381881255853,,0.469142766219171,0.4691389270309858,0.061718306749843244,,0.03,hydrodynamic_eigenmode,,,6261794722.828066,"[8055413.572955328, 777.3399424023373]"
0.007960177589516022,0.42466703287667434,98.71956182328283,near_hot_stable,0.13140527974343616,0.4376150288949836,85561.0252696934,8.779495124078688,-0.04,diffusion,649.9999999970939,-7.155979841158398e-06,2.0430090900251542e-19,3.156381881255853,,0.285425879238277,0.7145741045216099,1.624011330891216e-08,,0.03,hydrodynamic_eigenmode,,,6261794722.828066,"[8055413.572955328, 777.3399424023373]"
0.007960177589516022,0.42466703287667434,98.71956182328283,near_hot_stable,0.13140527974343616,0.4376150288949836,85561.0252696934,8.779495124078688,-0.04,sound_plus,649.9999999970939,-0.0003822044195847911,0.010874459125873218,3.156381881255853,,0.4691427662191709,0.4691389270309857,0.06171830674984333,,0.03,hydrodynamic_eigenmode,,,6261794722.828066,"[8055413.572955328, 777.3399424023373]"
0.007960177589516022,0.42466703287667434,98.71956182328283,near_hot_stable,0.13140527974343616,0.4376150288949836,85561.0252696934,8.779495124078688,-0.04,sound_minus,649.9999999970939,-0.001061699079634979,-0.018122615974701915,3.156381881255853,,0.4690872057090914,0.4690765152124406,0.061836279078468066,,0.05,hydrodynamic_eigenmode,,,6261794722.828066,"[8055413.572955328, 777.3399424023373]"
0.007960177589516022,0.42466703287667434,98.71956182328283,near_hot_stable,0.13140527974343616,0.4376150288949836,85561.0252696934,8.779495124078688,-0.04,diffusion,649.9999999970939,-1.98374490932099e-05,-5.209292663498142e-19,3.156381881255853,,0.28543342093719387,0.7145665341328014,4.4930004747297174e-08,,0.05,hydrodynamic_eigenmode,,,6261794722.828066,"[8055413.572955328, 777.3399424023373]"
0.007960177589516022,0.42466703287667434,98.71956182328283,near_hot_stable,0.13140527974343616,0.4376150288949836,85561.0252696934,8.779495124078688,-0.04,sound_plus,649.9999999970939,-0.0010616990796349741,0.018122615974701904,3.156381881255853,,0.4690872057090914,0.4690765152124404,0.06183627907846815,,0.05,hydrodynamic_eigenmode,,,6261794722.828066,"[8055413.572955328, 777.3399424023373]"
-0.0072489587261954525,0.4322073599094946,98.71904565818339,near_hot_inside,0.13262778701249334,0.4299587129179647,-79024.82123512455,-8.10889404106273,0.04,sound_minus,649.9999999881493,-2.7012958097242172e-06,-0.0009104522644867866,3.2063818812558527,,0.4689048946878531,0.4689047650820203,0.06219034023012664,,0.0025,hydrodynamic_eigenmode,,,-5555517488.4214,"[-8040049.363277529, 690.9805198206886]"
-0.0072489587261954525,0.4322073599094946,98.71904565818339,near_hot_inside,0.13262778701249334,0.4299587129179647,-79024.82123512455,-8.10889404106273,0.04,diffusion,649.9999999881493,4.530561252298296e-08,2.646624547205047e-20,3.2063818812558527,,0.2811324393339346,0.7188675605737371,9.232832489202266e-11,,0.0025,hydrodynamic_eigenmode,,,-5555517488.4214,"[-8040049.363277529, 690.9805198206886]"
-0.0072489587261954525,0.4322073599094946,98.71904565818339,near_hot_inside,0.13262778701249334,0.4299587129179647,-79024.82123512455,-8.10889404106273,0.04,sound_plus,649.9999999881493,-2.7012958097244857e-06,0.0009104522644867866,3.2063818812558527,,0.4689048946878532,0.46890476508202017,0.062190340230126595,,0.0025,hydrodynamic_eigenmode,,,-5555517488.4214,"[-8040049.363277529, 690.9805198206886]"
-0.0072489587261954525,0.4322073599094946,98.71904565818339,near_hot_inside,0.13262778701249334,0.4299587129179647,-79024.82123512455,-8.10889404106273,0.04,sound_minus,649.9999999881493,-1.0805180958484633e-05,-0.001820903399018949,3.2063818812558527,,0.46890434308325796,0.4689038246639801,0.062191832252761814,,0.005,hydrodynamic_eigenmode,,,-5555517488.4214,"[-8040049.363277529, 690.9805198206886]"
-0.0072489587261954525,0.4322073599094946,98.71904565818339,near_hot_inside,0.13262778701249334,0.4299587129179647,-79024.82123512455,-8.10889404106273,0.04,diffusion,649.9999999881493,1.8121788926304502e-07,3.6890369298385e-20,3.2063818812558527,,0.28113235467971714,0.7188676449509882,3.6929459958801865e-10,,0.005,hydrodynamic_eigenmode,,,-5555517488.4214,"[-8040049.363277529, 690.9805198206886]"
-0.0072489587261954525,0.4322073599094946,98.71904565818339,near_hot_inside,0.13262778701249334,0.4299587129179647,-79024.82123512455,-8.10889404106273,0.04,sound_plus,649.9999999881493,-1.080518095848327e-05,0.001820903399018949,3.2063818812558527,,0.4689043430832582,0.46890382466398,0.06219183225276184,,0.005,hydrodynamic_eigenmode,,,-5555517488.4214,"[-8040049.363277529, 690.9805198206886]"
-0.0072489587261954525,0.4322073599094946,98.71904565818339,near_hot_inside,0.13262778701249334,0.4299587129179647,-79024.82123512455,-8.10889404106273,0.04,sound_minus,649.9999999881493,-2.4311648605639675e-05,-0.0027313522735707496,3.2063818812558527,,0.46890342374267896,0.4689022573145081,0.06219431894281278,,0.0075,hydrodynamic_eigenmode,,,-5555517488.4214,"[-8040049.363277529, 690.9805198206886]"
-0.0072489587261954525,0.4322073599094946,98.71904565818339,near_hot_inside,0.13262778701249334,0.4299587129179647,-79024.82123512455,-8.10889404106273,0.04,diffusion,649.9999999881493,4.077231489467822e-07,5.98846000477057e-20,3.2063818812558527,,0.28113221359902973,0.7188677855701275,8.308427314441683e-10,,0.0075,hydrodynamic_eigenmode,,,-5555517488.4214,"[-8040049.363277529, 690.9805198206886]"
-0.0072489587261954525,0.4322073599094946,98.71904565818339,near_hot_inside,0.13262778701249334,0.4299587129179647,-79024.82123512455,-8.10889404106273,0.04,sound_plus,649.9999999881493,-2.4311648605638868e-05,0.00273135227357075,3.2063818812558527,,0.468903423742679,0.4689022573145083,0.06219431894281278,,0.0075,hydrodynamic_eigenmode,,,-5555517488.4214,"[-8040049.363277529, 690.9805198206886]"
-0.0072489587261954525,0.4322073599094946,98.71904565818339,near_hot_inside,0.13262778701249334,0.4299587129179647,-79024.82123512455,-8.10889404106273,0.04,sound_minus,649.9999999881493,-4.322068735209922e-05,-0.0036417977579741947,3.2063818812558527,,0.46890213666673775,0.468900063054494,0.06219780027876809,,0.01,hydrodynamic_eigenmode,,,-5555517488.4214,"[-8040049.363277529, 690.9805198206886]"
-0.0072489587261954525,0.4322073599094946,98.71904565818339,near_hot_inside,0.13262778701249334,0.4299587129179647,-79024.82123512455,-8.10889404106273,0.04,diffusion,649.9999999881493,7.24798593383154e-07,1.020489232050292e-19,3.2063818812558527,,0.28113201610638755,0.7188679824167332,1.4768792568875884e-09,,0.01,hydrodynamic_eigenmode,,,-5555517488.4214,"[-8040049.363277529, 690.9805198206886]"
-0.0072489587261954525,0.4322073599094946,98.71904565818339,near_hot_inside,0.13262778701249334,0.4299587129179647,-79024.82123512455,-8.10889404106273,0.04,sound_plus,649.9999999881493,-4.322068735210155e-05,0.0036417977579741956,3.2063818812558527,,0.46890213666673786,0.468900063054494,0.06219780027876809,,0.01,hydrodynamic_eigenmode,,,-5555517488.4214,"[-8040049.363277529, 690.9805198206886]"
-0.0072489587261954525,0.4322073599094946,98.71904565818339,near_hot_inside,0.13262778701249334,0.4299587129179647,-79024.82123512455,-8.10889404106273,0.04,sound_minus,649.9999999881493,-9.724640977335304e-05,-0.005462674034526811,3.2063818812558527,,0.4688984593125042,0.4688937939281437,0.062207746759352166,,0.015,hydrodynamic_eigenmode,,,-5555517488.4214,"[-8040049.363277529, 690.9805198206886]"
-0.0072489587261954525,0.4322073599094946,98.71904565818339,near_hot_inside,0.13262778701249334,0.4299587129179647,-79024.82123512455,-8.10889404106273,0.04,diffusion,649.9999999881493,1.6305232973767971e-06,8.206720893193758e-19,3.2063818812558527,,0.28113145197227757,0.7188685447058654,3.321857012324071e-09,,0.015,hydrodynamic_eigenmode,,,-5555517488.4214,"[-8040049.363277529, 690.9805198206886]"
-0.0072489587261954525,0.4322073599094946,98.71904565818339,near_hot_inside,0.13262778701249334,0.4299587129179647,-79024.82123512455,-8.10889404106273,0.04,sound_plus,649.9999999881493,-9.724640977335401e-05,0.00546267403452681,3.2063818812558527,,0.46889845931250446,0.4688937939281435,0.06220774675935208,,0.015,hydrodynamic_eigenmode,,,-5555517488.4214,"[-8040049.363277529, 690.9805198206886]"
-0.0072489587261954525,0.4322073599094946,98.71904565818339,near_hot_inside,0.13262778701249334,0.4299587129179647,-79024.82123512455,-8.10889404106273,0.04,sound_minus,649.9999999881493,-0.00017288216600305092,-0.00728352318179047,3.2063818812558527,,0.4688933110305504,0.46888501761895335,0.062221671350496256,,0.02,hydrodynamic_eigenmode,,,-5555517488.4214,"[-8040049.363277529, 690.9805198206886]"
-0.0072489587261954525,0.4322073599094946,98.71904565818339,near_hot_inside,0.13262778701249334,0.4299587129179647,-79024.82123512455,-8.10889404106273,0.04,diffusion,649.9999999881493,2.8980275628500813e-06,8.660502224464e-19,3.2063818812558527,,0.28113066250937435,0.7188693315878911,5.9027344814148826e-09,,0.02,hydrodynamic_eigenmode,,,-5555517488.4214,"[-8040049.363277529, 690.9805198206886]"
-0.0072489587261954525,0.4322073599094946,98.71904565818339,near_hot_inside,0.13262778701249334,0.4299587129179647,-79024.82123512455,-8.10889404106273,0.04,sound_plus,649.9999999881493,-0.0001728821660030483,0.007283523181790464,3.2063818812558527,,0.46889331103055043,0.46888501761895335,0.062221671350496076,,0.02,hydrodynamic_eigenmode,,,-5555517488.4214,"[-8040049.363277529, 690.9805198206886]"
-0.0072489587261954525,0.4322073599094946,98.71904565818339,near_hot_inside,0.13262778701249334,0.4299587129179647,-79024.82123512455,-8.10889404106273,0.04,sound_minus,649.9999999881493,-0.00038898268816633697,-0.010925103864584394,3.2063818812558527,,0.46887860174401363,0.4688599454541678,0.06226145280181866,,0.03,hydrodynamic_eigenmode,,,-5555517488.4214,"[-8040049.363277529, 690.9805198206886]"
-0.0072489587261954525,0.4322073599094946,98.71904565818339,near_hot_inside,0.13262778701249334,0.4299587129179647,-79024.82123512455,-8.10889404106273,0.04,diffusion,649.9999999881493,6.516191335333092e-06,-1.0871602382889563e-19,3.2063818812558527,,0.28112840898703445,0.7188715777497179,1.3263247729538587e-08,,0.03,hydrodynamic_eigenmode,,,-5555517488.4214,"[-8040049.363277529, 690.9805198206886]"
-0.0072489587261954525,0.4322073599094946,98.71904565818339,near_hot_inside,0.13262778701249334,0.4299587129179647,-79024.82123512455,-8.10889404106273,0.04,sound_plus,649.9999999881493,-0.0003889826881663316,0.0109251038645844,3.2063818812558527,,0.46887860174401375,0.4688599454541676,0.06226145280181869,,0.03,hydrodynamic_eigenmode,,,-5555517488.4214,"[-8040049.363277529, 690.9805198206886]"
-0.0072489587261954525,0.4322073599094946,98.71904565818339,near_hot_inside,0.13262778701249334,0.4299587129179647,-79024.82123512455,-8.10889404106273,0.04,sound_minus,649.9999999881493,-0.0010804880983725411,-0.01820754058310609,3.2063818812558527,,0.4688315329456669,0.46877974437179853,0.062388722682534675,,0.05,hydrodynamic_eigenmode,,,-5555517488.4214,"[-8040049.363277529, 690.9805198206886]"
-0.0072489587261954525,0.4322073599094946,98.71904565818339,near_hot_inside,0.13262778701249334,0.4299587129179647,-79024.82123512455,-8.10889404106273,0.04,diffusion,649.9999999881493,1.8061793974714475e-05,5.452587693133782e-20,3.2063818812558527,,0.2811212184155971,0.7188787449005125,3.668389029417911e-08,,0.05,hydrodynamic_eigenmode,,,-5555517488.4214,"[-8040049.363277529, 690.9805198206886]"
-0.0072489587261954525,0.4322073599094946,98.71904565818339,near_hot_inside,0.13262778701249334,0.4299587129179647,-79024.82123512455,-8.10889404106273,0.04,sound_plus,649.9999999881493,-0.0010804880983725418,0.01820754058310608,3.2063818812558527,,0.46883153294566676,0.46877974437179853,0.062388722682534675,,0.05,hydrodynamic_eigenmode,,,-5555517488.4214,"[-8040049.363277529, 690.9805198206886]"
-0.018287208635110297,0.437866928791857,98.78638526138776,near_hot_fold,0.13412750487288508,0.42261491543124396,-26628.41439466074,-2.728670642451561,0.1,sound_minus,649.9999999997624,-2.7366678102591776e-06,-0.0009155854324720687,3.251636030161261,,0.46857541082511106,0.46857519357538957,0.06284939559949937,,0.0025,hydrodynamic_eigenmode,,,-1809047439.4103758,"[-2923708.0504248627, 618.7510545546756]"
-0.018287208635110297,0.437866928791857,98.78638526138776,near_hot_fold,0.13412750487288508,0.42261491543124396,-26628.41439466074,-2.728670642451561,0.1,diffusion,649.9999999997624,1.1429406461835848e-07,-1.060437759784821e-20,3.251636030161261,,0.2761432790711216,0.7238567203517111,5.771674301953479e-10,,0.0025,hydrodynamic_eigenmode,,,-1809047439.4103758,"[-2923708.0504248627, 618.7510545546756]"
-0.018287208635110297,0.437866928791857,98.78638526138776,near_hot_fold,0.13412750487288508,0.42261491543124396,-26628.41439466074,-2.728670642451561,0.1,sound_plus,649.9999999997624,-2.7366678102589315e-06,0.0009155854324720687,3.251636030161261,,0.4685754108251109,0.4685751935753898,0.06284939559949933,,0.0025,hydrodynamic_eigenmode,,,-1809047439.4103758,"[-2923708.0504248627, 618.7510545546756]"
-0.018287208635110297,0.437866928791857,98.78638526138776,near_hot_fold,0.13412750487288508,0.42261491543124396,-26628.41439466074,-2.728670642451561,0.1,sound_minus,649.9999999997624,-1.0946665295671132e-05,-0.001831170139795608,3.251636030161261,,0.46857495023570395,0.4685740812474078,0.06285096851688828,,0.005,hydrodynamic_eigenmode,,,-1809047439.4103758,"[-2923708.0504248627, 618.7510545546756]"
-0.018287208635110297,0.437866928791857,98.78638526138776,near_hot_fold,0.13412750487288508,0.42261491543124396,-26628.41439466074,-2.728670642451561,0.1,diffusion,649.9999999997624,4.571643677459591e-07,1.216635418745648e-19,3.251636030161261,,0.27614305809758627,0.7238569395938661,2.3085477823134892e-09,,0.005,hydrodynamic_eigenmode,,,-1809047439.4103758,"[-2923708.0504248627, 618.7510545546756]"
-0.018287208635110297,0.437866928791857,98.78638526138776,near_hot_fold,0.13412750487288508,0.42261491543124396,-26628.41439466074,-2.728670642451561,0.1,sound_plus,649.9999999997624,-1.0946665295670752e-05,0.001831170139795608,3.251636030161261,,0.46857495023570384,0.46857408124740785,0.06285096851688826,,0.005,hydrodynamic_eigenmode,,,-1809047439.4103758,"[-2923708.0504248627, 618.7510545546756]"
-0.018287208635110297,0.437866928791857,98.78638526138776,near_hot_fold,0.13412750487288508,0.42261491543124396,-26628.41439466074,-2.728670642451561,0.1,sound_minus,649.9999999997624,-2.462997462181808e-05,-0.0027467533966360116,3.251636030161261,,0.4685741825812845,0.4685722273973157,0.0628535900213998,,0.0075,hydrodynamic_eigenmode,,,-1809047439.4103758,"[-2923708.0504248627, 618.7510545546756]"
-0.018287208635110297,0.437866928791857,98.78638526138776,near_hot_fold,0.13412750487288508,0.42261491543124396,-26628.41439466074,-2.728670642451561,0.1,diffusion,649.9999999997624,1.028575240538775e-06,2.5327749699821183e-20,3.251636030161261,,0.27614268983530094,0.7238573049709239,5.19377529180357e-09,,0.0075,hydrodynamic_eigenmode,,,-1809047439.4103758,"[-2923708.0504248627, 618.7510545546756]"
-0.018287208635110297,0.437866928791857,98.78638526138776,near_hot_fold,0.13412750487288508,0.42261491543124396,-26628.41439466074,-2.728670642451561,0.1,sound_plus,649.9999999997624,-2.4629974621817453e-05,0.00274675339663601,3.251636030161261,,0.4685741825812844,0.46857222739731574,0.06285359002139973,,0.0075,hydrodynamic_eigenmode,,,-1809047439.4103758,"[-2923708.0504248627, 618.7510545546756]"
-0.018287208635110297,0.437866928791857,98.78638526138776,near_hot_fold,0.13412750487288508,0.42261491543124396,-26628.41439466074,-2.728670642451561,0.1,sound_minus,649.9999999997624,-4.378656607027974e-05,-0.0036623344772866253,3.251636030161261,,0.4685731078537438,0.4685696320699204,0.06285726007633584,,0.01,hydrodynamic_eigenmode,,,-1809047439.4103758,"[-2923708.0504248627, 618.7510545546756]"
-0.018287208635110297,0.437866928791857,98.78638526138776,near_hot_fold,0.13412750487288508,0.42261491543124396,-26628.41439466074,-2.728670642451561,0.1,diffusion,649.9999999997624,1.8284672461666096e-06,2.9923896392173948e-19,3.251636030161261,,0.2761421743246646,0.7238578164430949,9.232240521549713e-09,,0.01,hydrodynamic_eigenmode,,,-1809047439.4103758,"[-2923708.0504248627, 618.7510545546756]"
-0.018287208635110297,0.437866928791857,98.78638526138776,near_hot_fold,0.13412750487288508,0.42261491543124396,-26628.41439466074,-2.728670642451561,0.1,sound_plus,649.9999999997624,-4.378656607028063e-05,0.0036623344772866244,3.251636030161261,,0.46857310785374384,0.4685696320699203,0.06285726007633591,,0.01,hydrodynamic_eigenmode,,,-1809047439.4103758,"[-2923708.0504248627, 618.7510545546756]"
-0.018287208635110297,0.437866928791857,98.78638526138776,near_hot_fold,0.13412750487288508,0.42261491543124396,-26628.41439466074,-2.728670642451561,0.1,sound_minus,649.9999999997624,-9.851941709423202e-05,-0.00549348720421666,3.251636030161261,,0.46857003713066364,0.46856221725198627,0.06286774561735009,,0.015,hydrodynamic_eigenmode,,,-1809047439.4103758,"[-2923708.0504248627, 618.7510545546756]"
-0.018287208635110297,0.437866928791857,98.78638526138776,near_hot_fold,0.13412750487288508,0.42261491543124396,-26628.41439466074,-2.728670642451561,0.1,diffusion,649.9999999997624,4.1133381760852095e-06,3.443465501496306e-19,3.251636030161261,,0.27614070180064076,0.7238592774341296,2.0765229660948075e-08,,0.015,hydrodynamic_eigenmode,,,-1809047439.4103758,"[-2923708.0504248627, 618.7510545546756]"
-0.018287208635110297,0.437866928791857,98.78638526138776,near_hot_fold,0.13412750487288508,0.42261491543124396,-26628.41439466074,-2.728670642451561,0.1,sound_plus,649.9999999997624,-9.851941709423087e-05,0.005493487204216659,3.251636030161261,,0.46857003713066353,0.4685622172519863,0.06286774561735,,0.015,hydrodynamic_eigenmode,,,-1809047439.4103758,"[-2923708.0504248627, 618.7510545546756]"
-0.018287208635110297,0.437866928791857,98.78638526138776,near_hot_fold,0.13412750487288508,0.42261491543124396,-26628.41439466074,-2.728670642451561,0.1,sound_minus,649.9999999997624,-0.00017514474334332777,-0.007324622500435165,3.251636030161261,,0.46856573793690764,0.4685518375099182,0.06288242455317428,,0.02,hydrodynamic_eigenmode,,,-1809047439.4103758,"[-2923708.0504248627, 618.7510545546756]"
-0.018287208635110297,0.437866928791857,98.78638526138776,near_hot_fold,0.13412750487288508,0.42261491543124396,-26628.41439466074,-2.728670642451561,0.1,diffusion,649.9999999997624,7.310827109088001e-06,-6.599833431667889e-20,3.251636030161261,,0.27613864117124903,0.7238613219309725,3.6897778483183135e-08,,0.02,hydrodynamic_eigenmode,,,-1809047439.4103758,"[-2923708.0504248627, 618.7510545546756]"
-0.018287208635110297,0.437866928791857,98.78638526138776,near_hot_fold,0.13412750487288508,0.42261491543124396,-26628.41439466074,-2.728670642451561,0.1,sound_plus,649.9999999997624,-0.00017514474334332864,0.007324622500435165,3.251636030161261,,0.46856573793690753,0.46855183750991825,0.06288242455317429,,0.02,hydrodynamic_eigenmode,,,-1809047439.4103758,"[-2923708.0504248627, 618.7510545546756]"
-0.018287208635110297,0.437866928791857,98.78638526138776,near_hot_fold,0.13412750487288508,0.42261491543124396,-26628.41439466074,-2.728670642451561,0.1,sound_minus,649.9999999997624,-0.00039406997588107266,-0.010986817425153067,3.251636030161261,,0.46855345336192933,0.4685221875452762,0.06292435909279447,,0.03,hydrodynamic_eigenmode,,,-1809047439.4103758,"[-2923708.0504248627, 618.7510545546756]"
-0.018287208635110297,0.437866928791857,98.78638526138776,near_hot_fold,0.13412750487288508,0.42261491543124396,-26628.41439466074,-2.728670642451561,0.1,diffusion,649.9999999997624,1.6437967712622456e-05,2.514243614687307e-19,3.251636030161261,,0.2761327594643455,0.7238671576323829,8.29032716484572e-08,,0.03,hydrodynamic_eigenmode,,,-1809047439.4103758,"[-2923708.0504248627, 618.7510545546756]"
-0.018287208635110297,0.437866928791857,98.78638526138776,near_hot_fold,0.13412750487288508,0.42261491543124396,-26628.41439466074,-2.728670642451561,0.1,sound_plus,649.9999999997624,-0.0003940699758810761,0.01098681742515307,3.251636030161261,,0.46855345336192933,0.4685221875452762,0.06292435909279447,,0.03,hydrodynamic_eigenmode,,,-1809047439.4103758,"[-2923708.0504248627, 618.7510545546756]"
-0.018287208635110297,0.437866928791857,98.78638526138776,near_hot_fold,0.13412750487288508,0.42261491543124396,-26628.41439466074,-2.728670642451561,0.1,sound_minus,649.9999999997624,-0.0010945883448803806,-0.018310739320107478,3.251636030161261,,0.4685141311928295,0.4684273715915727,0.06305849721559793,,0.05,hydrodynamic_eigenmode,,,-1809047439.4103758,"[-2923708.0504248627, 618.7510545546756]"
-0.018287208635110297,0.437866928791857,98.78638526138776,near_hot_fold,0.13412750487288508,0.42261491543124396,-26628.41439466074,-2.728670642451561,0.1,diffusion,649.9999999997624,4.55600674009251e-05,3.6443509892818005e-18,3.251636030161261,,0.2761139955936846,0.7238857751522069,2.292541086317931e-07,,0.05,hydrodynamic_eigenmode,,,-1809047439.4103758,"[-2923708.0504248627, 618.7510545546756]"
-0.018287208635110297,0.437866928791857,98.78638526138776,near_hot_fold,0.13412750487288508,0.42261491543124396,-26628.41439466074,-2.728670642451561,0.1,sound_plus,649.9999999997624,-0.0010945883448803854,0.018310739320107468,3.251636030161261,,0.4685141311928292,0.4684273715915727,0.063058497215598,,0.05,hydrodynamic_eigenmode,,,-1809047439.4103758,"[-2923708.0504248627, 618.7510545546756]"
-0.03895331164241223,0.4517393433684482,99.9403406997832,midpoint,0.14856118293130502,0.3702295161595172,-4093.455161073924,-0.4098343788828032,0.5,sound_minus,650.0000000001171,-2.8233699057061594e-06,-0.0009635906745038011,3.532652625782894,,0.4654277676628326,0.46542716916933397,0.06914506316783339,,0.0025,hydrodynamic_eigenmode,,,-233420082.67803457,"[-820484.8446122629, 284.49042564380534]"
-0.03895331164241223,0.4517393433684482,99.9403406997832,midpoint,0.14856118293130502,0.3702295161595172,-4093.455161073924,-0.4098343788828032,0.5,diffusion,650.0000000001171,2.434562170778072e-07,-1.0286233921198643e-20,3.532652625782894,,0.22662421971328514,0.7733757781375583,2.1491565087868946e-09,,0.0025,hydrodynamic_eigenmode,,,-233420082.67803457,"[-820484.8446122629, 284.49042564380534]"
-0.03895331164241223,0.4517393433684482,99.9403406997832,midpoint,0.14856118293130502,0.3702295161595172,-4093.455161073924,-0.4098343788828032,0.5,sound_plus,650.0000000001171,-2.8233699057059388e-06,0.0009635906745038005,3.532652625782894,,0.4654277676628327,0.46542716916933397,0.06914506316783332,,0.0025,hydrodynamic_eigenmode,,,-233420082.67803457,"[-820484.8446122629, 284.49042564380534]"
-0.03895331164241223,0.4517393433684482,99.9403406997832,midpoint,0.14856118293130502,0.3702295161595172,-4093.455161073924,-0.4098343788828032,0.5,sound_minus,650.0000000001171,-1.129346772024381e-05,-0.0019271800869952837,3.532652625782894,,0.4654278166072103,0.4654254226596277,0.06914676073316181,,0.005,hydrodynamic_eigenmode,,,-233420082.67803457,"[-820484.8446122629, 284.49042564380534]"
-0.03895331164241223,0.4517393433684482,99.9403406997832,midpoint,0.14856118293130502,0.3702295161595172,-4093.455161073924,-0.4098343788828032,0.5,diffusion,650.0000000001171,9.738010631440073e-07,6.94663979332323e-20,3.532652625782894,,0.22662371270763262,0.7733762786961809,8.596186519482452e-09,,0.005,hydrodynamic_eigenmode,,,-233420082.67803457,"[-820484.8446122629, 284.49042564380534]"
-0.03895331164241223,0.4517393433684482,99.9403406997832,midpoint,0.14856118293130502,0.3702295161595172,-4093.455161073924,-0.4098343788828032,0.5,sound_plus,650.0000000001171,-1.1293467720243944e-05,0.0019271800869952837,3.532652625782894,,0.4654278166072102,0.46542542265962783,0.06914676073316188,,0.005,hydrodynamic_eigenmode,,,-233420082.67803457,"[-820484.8446122629, 284.49042564380534]"
-0.03895331164241223,0.4517393433684482,99.9403406997832,midpoint,0.14856118293130502,0.3702295161595172,-4093.455161073924,-0.4098343788828032,0.5,sound_minus,650.0000000001171,-2.5410257739310704e-05,-0.002890766975080588,3.532652625782894,,0.46542789815603086,0.46542251187300754,0.06914958997096159,,0.0075,hydrodynamic_eigenmode,,,-233420082.67803457,"[-820484.8446122629, 284.49042564380534]"
-0.03895331164241223,0.4517393433684482,99.9403406997832,midpoint,0.14856118293130502,0.3702295161595172,-4093.455161073924,-0.4098343788828032,0.5,diffusion,650.0000000001171,2.1909631296108995e-06,-5.477395717362816e-20,3.532652625782894,,0.22662286776021415,0.7733771129000141,1.9339771672788975e-08,,0.0075,hydrodynamic_eigenmode,,,-233420082.67803457,"[-820484.8446122629, 284.49042564380534]"
-0.03895331164241223,0.4517393433684482,99.9403406997832,midpoint,0.14856118293130502,0.3702295161595172,-4093.455161073924,-0.4098343788828032,0.5,sound_plus,650.0000000001171,-2.5410257739309952e-05,0.0028907669750805882,3.532652625782894,,0.4654278981560307,0.46542251187300754,0.06914958997096173,,0.0075,hydrodynamic_eigenmode,,,-233420082.67803457,"[-820484.8446122629, 284.49042564380534]"
-0.03895331164241223,0.4517393433684482,99.9403406997832,midpoint,0.14856118293130502,0.3702295161595172,-4093.455161073924,-0.4098343788828032,0.5,sound_minus,650.0000000001171,-4.517368046729155e-05,-0.0038543500756029166,3.532652625782894,,0.4654280122715878,0.4654184369037911,0.06915355082462116,,0.01,hydrodynamic_eigenmode,,,-233420082.67803457,"[-820484.8446122629, 284.49042564380534]"
-0.03895331164241223,0.4517393433684482,99.9403406997832,midpoint,0.14856118293130502,0.3702295161595172,-4093.455161073924,-0.4098343788828032,0.5,diffusion,650.0000000001171,3.894823425231322e-06,2.0682836412961452e-19,3.532652625782894,,0.22662168496401708,0.7733782806582675,3.437771533108316e-08,,0.01,hydrodynamic_eigenmode,,,-233420082.67803457,"[-820484.8446122629, 284.49042564380534]"
-0.03895331164241223,0.4517393433684482,99.9403406997832,midpoint,0.14856118293130502,0.3702295161595172,-4093.455161073924,-0.4098343788828032,0.5,sound_plus,650.0000000001171,-4.517368046728819e-05,0.003854350075602917,3.532652625782894,,0.4654280122715879,0.4654184369037909,0.06915355082462113,,0.01,hydrodynamic_eigenmode,,,-233420082.67803457,"[-820484.8446122629, 284.49042564380534]"
-0.03895331164241223,0.4517393433684482,99.9403406997832,midpoint,0.14856118293130502,0.3702295161595172,-4093.455161073924,-0.4098343788828032,0.5,sound_minus,650.0000000001171,-0.00010164006722152054,-0.005781499855230897,3.532652625782894,,0.4654283379767825,0.4654067949832279,0.06916486703998961,,0.015,hydrodynamic_eigenmode,,,-233420082.67803457,"[-820484.8446122629, 284.49042564380534]"
-0.03895331164241223,0.4517393433684482,99.9403406997832,midpoint,0.14856118293130502,0.3702295161595172,-4093.455161073924,-0.4098343788828032,0.5,diffusion,650.0000000001171,8.761925047011284e-06,1.7097175404968918e-20,3.532652625782894,,0.226618306382955,0.7733816162935387,7.732350623696152e-08,,0.015,hydrodynamic_eigenmode,,,-233420082.67803457,"[-820484.8446122629, 284.49042564380534]"
-0.03895331164241223,0.4517393433684482,99.9403406997832,midpoint,0.14856118293130502,0.3702295161595172,-4093.455161073924,-0.4098343788828032,0.5,sound_plus,650.0000000001171,-0.00010164006722152257,0.005781499855230894,3.532652625782894,,0.4654283379767825,0.465406794983228,0.0691648670399895,,0.015,hydrodynamic_eigenmode,,,-233420082.67803457,"[-820484.8446122629, 284.49042564380534]"
-0.03895331164241223,0.4517393433684482,99.9403406997832,midpoint,0.14856118293130502,0.3702295161595172,-4093.455161073924,-0.4098343788828032,0.5,sound_minus,650.0000000001171,-0.00018069167702098945,-0.007708619290898732,3.532652625782894,,0.465428793120179,0.4653904984054307,0.06918070847439034,,0.02,hydrodynamic_eigenmode,,,-233420082.67803457,"[-820484.8446122629, 284.49042564380534]"
-0.03895331164241223,0.4517393433684482,99.9403406997832,midpoint,0.14856118293130502,0.3702295161595172,-4093.455161073924,-0.4098343788828032,0.5,diffusion,650.0000000001171,1.5573204004559158e-05,1.2335418936384882e-19,3.532652625782894,,0.22661357845056443,0.7733862841509699,1.373984656748462e-07,,0.02,hydrodynamic_eigenmode,,,-233420082.67803457,"[-820484.8446122629, 284.49042564380534]"
-0.03895331164241223,0.4517393433684482,99.9403406997832,midpoint,0.14856118293130502,0.3702295161595172,-4093.455161073924,-0.4098343788828032,0.5,sound_plus,650.0000000001171,-0.0001806916770209868,0.007708619290898735,3.532652625782894,,0.46542879312017876,0.4653904984054308,0.0691807084743904,,0.02,hydrodynamic_eigenmode,,,-233420082.67803457,"[-820484.8446122629, 284.49042564380534]"
-0.03895331164241223,0.4517393433684482,99.9403406997832,midpoint,0.14856118293130502,0.3702295161595172,-4093.455161073924,-0.4098343788828032,0.5,sound_minus,650.0000000001171,-0.0004065448692592317,-0.011562726395688413,3.532652625782894,,0.4654300881123526,0.4653439503080028,0.06922596157964472,,0.03,hydrodynamic_eigenmode,,,-233420082.67803457,"[-820484.8446122629, 284.49042564380534]"
-0.03895331164241223,0.4517393433684482,99.9403406997832,midpoint,0.14856118293130502,0.3702295161595172,-4093.455161073924,-0.4098343788828032,0.5,diffusion,650.0000000001171,3.501690093429931e-05,-1.047522207755371e-19,3.532652625782894,,0.22660008343266608,0.7733996078415011,3.0872583294446345e-07,,0.03,hydrodynamic_eigenmode,,,-233420082.67803457,"[-820484.8446122629, 284.49042564380534]"
-0.03895331164241223,0.4517393433684482,99.9403406997832,midpoint,0.14856118293130502,0.3702295161595172,-4093.455161073924,-0.4098343788828032,0.5,sound_plus,650.0000000001171,-0.0004065448692592299,0.011562726395688408,3.532652625782894,,0.4654300881123526,0.4653439503080027,0.06922596157964464,,0.03,hydrodynamic_eigenmode,,,-233420082.67803457,"[-820484.8446122629, 284.49042564380534]"
-0.03895331164241223,0.4517393433684482,99.9403406997832,midpoint,0.14856118293130502,0.3702295161595172,-4093.455161073924,-0.4098343788828032,0.5,sound_minus,650.0000000001171,-0.0011291902628754284,-0.01927012500475997,3.532652625782894,,0.4654341783608933,0.4651951308423434,0.06937069079676327,,0.05,hydrodynamic_eigenmode,,,-233420082.67803457,"[-820484.8446122629, 284.49042564380534]"
-0.03895331164241223,0.4517393433684482,99.9403406997832,midpoint,0.14856118293130502,0.3702295161595172,-4093.455161073924,-0.4098343788828032,0.5,diffusion,650.0000000001171,9.706708801704074e-05,-8.791464040237405e-19,3.532652625782894,,0.22655703187465626,0.7734421142754281,8.538499157715381e-07,,0.05,hydrodynamic_eigenmode,,,-233420082.67803457,"[-820484.8446122629, 284.49042564380534]"
-0.03895331164241223,0.4517393433684482,99.9403406997832,midpoint,0.14856118293130502,0.3702295161595172,-4093.455161073924,-0.4098343788828032,0.5,sound_plus,650.0000000001171,-0.0011291902628754265,0.01927012500475998,3.532652625782894,,0.4654341783608934,0.4651951308423435,0.06937069079676317,,0.05,hydrodynamic_eigenmode,,,-233420082.67803457,"[-820484.8446122629, 284.49042564380534]"
-0.010596330542434213,0.4442208712158815,100.92380572111027,near_cold_fold,0.1638353418863708,0.3100386529765798,-4221.326560907232,-0.4144400453728216,0.9,sound_minus,649.999999999776,-2.776380248931106e-06,-0.0010119136593990667,3.813669221404527,,0.4621425076917815,0.4621417673152111,0.07571572499300741,,0.0025,hydrodynamic_eigenmode,,,-211516933.89105943,"[-1929954.7204649968, 109.59683750512977]"
-0.010596330542434213,0.4442208712158815,100.92380572111027,near_cold_fold,0.1638353418863708,0.3100386529765798,-4221.326560907232,-0.4144400453728216,0.9,diffusion,649.999999999776,6.622667357316761e-08,2.561333577478184e-20,3.813669221404527,,0.15906457609072186,0.8409354237976537,1.116244517544722e-10,,0.0025,hydrodynamic_eigenmode,,,-211516933.89105943,"[-1929954.7204649968, 109.59683750512977]"
-0.010596330542434213,0.4442208712158815,100.92380572111027,near_cold_fold,0.1638353418863708,0.3100386529765798,-4221.326560907232,-0.4144400453728216,0.9,sound_plus,649.999999999776,-2.7763802489308186e-06,0.0010119136593990667,3.813669221404527,,0.4621425076917814,0.4621417673152111,0.07571572499300747,,0.0025,hydrodynamic_eigenmode,,,-211516933.89105943,"[-1929954.7204649968, 109.59683750512977]"
-0.010596330542434213,0.4442208712158815,100.92380572111027,near_cold_fold,0.1638353418863708,0.3100386529765798,-4221.326560907232,-0.4144400453728216,0.9,sound_minus,649.999999999776,-1.1105518638105139e-05,-0.002023822478312543,3.813669221404527,,0.4621429113227517,0.46213994982031403,0.07571713885693428,,0.005,hydrodynamic_eigenmode,,,-211516933.89105943,"[-1929954.7204649968, 109.59683750512977]"
-0.010596330542434213,0.4442208712158815,100.92380572111027,near_cold_fold,0.1638353418863708,0.3100386529765798,-4221.326560907232,-0.4144400453728216,0.9,diffusion,649.999999999776,2.64901979058699e-07,-1.8084434489365124e-20,3.813669221404527,,0.15906445408551992,0.8409355454679984,4.4648156973391534e-10,,0.005,hydrodynamic_eigenmode,,,-211516933.89105943,"[-1929954.7204649968, 109.59683750512977]"
-0.010596330542434213,0.4442208712158815,100.92380572111027,near_cold_fold,0.1638353418863708,0.3100386529765798,-4221.326560907232,-0.4144400453728216,0.9,sound_plus,649.999999999776,-1.110551863810505e-05,0.002023822478312543,3.813669221404527,,0.46214291132275176,0.4621399498203139,0.07571713885693439,,0.005,hydrodynamic_eigenmode,,,-211516933.89105943,"[-1929954.7204649968, 109.59683750512977]"
-0.010596330542434213,0.4442208712158815,100.92380572111027,near_cold_fold,0.1638353418863708,0.3100386529765798,-4221.326560907232,-0.4144400453728216,0.9,sound_minus,649.999999999776,-2.4987408095121023e-05,-0.003035721616150025,3.813669221404527,,0.4621435840357153,0.4621369206696421,0.0757194952946425,,0.0075,hydrodynamic_eigenmode,,,-211516933.89105943,"[-1929954.7204649968, 109.59683750512977]"
-0.010596330542434213,0.4442208712158815,100.92380572111027,near_cold_fold,0.1638353418863708,0.3100386529765798,-4221.326560907232,-0.4144400453728216,0.9,diffusion,649.999999999776,5.960117716533841e-07,5.408670966507845e-20,3.813669221404527,,0.1590642507536168,0.8409357482418605,1.0045226467196351e-09,,0.0075,hydrodynamic_eigenmode,,,-211516933.89105943,"[-1929954.7204649968, 109.59683750512977]"
-0.010596330542434213,0.4442208712158815,100.92380572111027,near_cold_fold,0.1638353418863708,0.3100386529765798,-4221.326560907232,-0.4144400453728216,0.9,sound_plus,649.999999999776,-2.4987408095119797e-05,0.003035721616150026,3.813669221404527,,0.4621435840357153,0.4621369206696421,0.07571949529464247,,0.0075,hydrodynamic_eigenmode,,,-211516933.89105943,"[-1929954.7204649968, 109.59683750512977]"
-0.010596330542434213,0.4442208712158815,100.92380572111027,near_cold_fold,0.1638353418863708,0.3100386529765798,-4221.326560907232,-0.4144400453728216,0.9,sound_minus,649.999999999776,-4.442203683412002e-05,-0.004047606232111485,3.813669221404527,,0.46214452582269483,0.4621326798744272,0.07572279430287798,,0.01,hydrodynamic_eigenmode,,,-211516933.89105943,"[-1929954.7204649968, 109.59683750512977]"
-0.010596330542434213,0.4442208712158815,100.92380572111027,near_cold_fold,0.1638353418863708,0.3100386529765798,-4221.326560907232,-0.4144400453728216,0.9,diffusion,649.999999999776,1.0595324796433092e-06,5.45251129984312e-20,3.813669221404527,,0.1590639661101644,0.840936032104169,1.7856665192658999e-09,,0.01,hydrodynamic_eigenmode,,,-211516933.89105943,"[-1929954.7204649968, 109.59683750512977]"
-0.010596330542434213,0.4442208712158815,100.92380572111027,near_cold_fold,0.1638353418863708,0.3100386529765798,-4221.326560907232,-0.4144400453728216,0.9,sound_plus,649.999999999776,-4.442203683412142e-05,0.004047606232111484,3.813669221404527,,0.46214452582269483,0.4621326798744272,0.07572279430287807,,0.01,hydrodynamic_eigenmode,,,-211516933.89105943,"[-1929954.7204649968, 109.59683750512977]"
-0.010596330542434213,0.4442208712158815,100.92380572111027,near_cold_fold,0.1638353418863708,0.3100386529765798,-4221.326560907232,-0.4144400453728216,0.9,sound_minus,649.999999999776,-9.994944146166149e-05,-0.006071312533529572,3.813669221404527,,0.46214721657085117,0.4621205634177226,0.07573222001142615,,0.015,hydrodynamic_eigenmode,,,-211516933.89105943,"[-1929954.7204649968, 109.59683750512977]"
-0.010596330542434213,0.4442208712158815,100.92380572111027,near_cold_fold,0.1638353418863708,0.3100386529765798,-4221.326560907232,-0.4144400453728216,0.9,diffusion,649.999999999776,2.383665248968882e-06,-2.443616309020837e-19,3.813669221404527,,0.15906315297948748,0.8409368430037367,4.016775864147262e-09,,0.015,hydrodynamic_eigenmode,,,-211516933.89105943,"[-1929954.7204649968, 109.59683750512977]"
-0.010596330542434213,0.4442208712158815,100.92380572111027,near_cold_fold,0.1638353418863708,0.3100386529765798,-4221.326560907232,-0.4144400453728216,0.9,sound_plus,649.999999999776,-9.994944146166276e-05,0.006071312533529568,3.813669221404527,,0.46214721657085145,0.4621205634177224,0.07573222001142614,,0.015,hydrodynamic_eigenmode,,,-211516933.89105943,"[-1929954.7204649968, 109.59683750512977]"
-0.010596330542434213,0.4442208712158815,100.92380572111027,near_cold_fold,0.1638353418863708,0.3100386529765798,-4221.326560907232,-0.4144400453728216,0.9,sound_minus,649.999999999776,-0.00017768754407167762,-0.008094902647994014,3.813669221404527,,0.46215098343968014,0.46210360062969663,0.07574541593062319,,0.02,hydrodynamic_eigenmode,,,-211516933.89105943,"[-1929954.7204649968, 109.59683750512977]"
-0.010596330542434213,0.4442208712158815,100.92380572111027,near_cold_fold,0.1638353418863708,0.3100386529765798,-4221.326560907232,-0.4144400453728216,0.9,diffusion,649.999999999776,4.236923388932862e-06,3.983073410609947e-20,3.813669221404527,,0.15906201493572814,0.8409379779257596,7.138512277864733e-09,,0.02,hydrodynamic_eigenmode,,,-211516933.89105943,"[-1929954.7204649968, 109.59683750512977]"
-0.010596330542434213,0.4442208712158815,100.92380572111027,near_cold_fold,0.1638353418863708,0.3100386529765798,-4221.326560907232,-0.4144400453728216,0.9,sound_plus,649.999999999776,-0.000177687544071678,0.008094902647994019,3.813669221404527,,0.4621509834396802,0.4621036006296968,0.07574541593062305,,0.02,hydrodynamic_eigenmode,,,-211516933.89105943,"[-1929954.7204649968, 109.59683750512977]"
-0.010596330542434213,0.4442208712158815,100.92380572111027,near_cold_fold,0.1638353418863708,0.3100386529765798,-4221.326560907232,-0.4144400453728216,0.9,sound_minus,649.999999999776,-0.0003997947137397145,-0.012141579324159806,3.813669221404527,,0.46216174477511135,0.46205513713465707,0.07578311809023162,,0.03,hydrodynamic_eigenmode,,,-211516933.89105943,"[-1929954.7204649968, 109.59683750512977]"
-0.010596330542434213,0.4442208712158815,100.92380572111027,near_cold_fold,0.1638353418863708,0.3100386529765798,-4221.326560907232,-0.4144400453728216,0.9,diffusion,649.999999999776,9.528556781991171e-06,-2.0265471518350401e-19,3.813669221404527,,0.1590587655608003,0.8409412183931049,1.604609469560921e-08,,0.03,hydrodynamic_eigenmode,,,-211516933.89105943,"[-1929954.7204649968, 109.59683750512977]"
-0.010596330542434213,0.4442208712158815,100.92380572111027,near_cold_fold,0.1638353418863708,0.3100386529765798,-4221.326560907232,-0.4144400453728216,0.9,sound_plus,649.999999999776,-0.00039979471373971346,0.012141579324159806,3.813669221404527,,0.46216174477511135,0.4620551371346569,0.07578311809023172,,0.03,hydrodynamic_eigenmode,,,-211516933.89105943,"[-1929954.7204649968, 109.59683750512977]"
-0.010596330542434213,0.4442208712158815,100.92380572111027,near_cold_fold,0.1638353418863708,0.3100386529765798,-4221.326560907232,-0.4144400453728216,0.9,sound_minus,649.999999999776,-0.0011105208212577955,-0.02023183258540774,3.813669221404527,,0.4621961696622461,0.461900069950555,0.07590376038719897,,0.05,hydrodynamic_eigenmode,,,-211516933.89105943,"[-1929954.7204649968, 109.59683750512977]"
-0.010596330542434213,0.4442208712158815,100.92380572111027,near_cold_fold,0.1638353418863708,0.3100386529765798,-4221.326560907232,-0.4144400453728216,0.9,diffusion,649.999999999776,2.642811280053695e-05,3.7266864645922e-19,3.813669221404527,,0.15904838919923833,0.8409515663661314,4.4434630178737155e-08,,0.05,hydrodynamic_eigenmode,,,-211516933.89105943,"[-1929954.7204649968, 109.59683750512977]"
-0.010596330542434213,0.4442208712158815,100.92380572111027,near_cold_fold,0.1638353418863708,0.3100386529765798,-4221.326560907232,-0.4144400453728216,0.9,sound_plus,649.999999999776,-0.001110520821257799,0.02023183258540774,3.813669221404527,,0.4621961696622462,0.46190006995055494,0.07590376038719883,,0.05,hydrodynamic_eigenmode,,,-211516933.89105943,"[-1929954.7204649968, 109.59683750512977]"
-0.003969825801245134,0.4422761274995439,100.9695445911839,near_cold_inside,0.16581089675528507,0.2998968559236038,-9062.264785030771,-0.8889062351833917,0.96,sound_minus,650.0000000000769,-2.7642257278581185e-06,-0.001017996187443388,3.8589233703099355,,0.46172097675819207,0.46172022748790903,0.07655879575389893,,0.0025,hydrodynamic_eigenmode,,,-446016912.5502461,"[-4829457.891080277, 92.35341162700752]"
-0.003969825801245134,0.4422761274995439,100.9695445911839,near_cold_inside,0.16581089675528507,0.2998968559236038,-9062.264785030771,-0.8889062351833917,0.96,diffusion,650.0000000000769,2.481127323949526e-08,2.009216294428579e-21,3.8589233703099355,,0.14780049722510905,0.8521995027603333,1.4557740743317543e-11,,0.0025,hydrodynamic_eigenmode,,,-446016912.5502461,"[-4829457.891080277, 92.35341162700752]"
-0.003969825801245134,0.4422761274995439,100.9695445911839,near_cold_inside,0.16581089675528507,0.2998968559236038,-9062.264785030771,-0.8889062351833917,0.96,sound_plus,650.0000000000769,-2.764225727857987e-06,0.0010179961874433887,3.8589233703099355,,0.46172097675819207,0.46172022748790903,0.07655879575389898,,0.0025,hydrodynamic_eigenmode,,,-446016912.5502461,"[-4829457.891080277, 92.35341162700752]"
-0.003969825801245134,0.4422761274995439,100.9695445911839,near_cold_inside,0.16581089675528507,0.2998968559236038,-9062.264785030771,-0.8889062351833917,0.96,sound_minus,650.0000000000769,-1.1056902082030141e-05,-0.002035986872679573,3.8589233703099355,,0.4617214237823348,0.46171842670063024,0.07656014951703495,,0.005,hydrodynamic_eigenmode,,,-446016912.5502461,"[-4829457.891080277, 92.35341162700752]"
-0.003969825801245134,0.4422761274995439,100.9695445911839,near_cold_inside,0.16581089675528507,0.2998968559236038,-9062.264785030771,-0.8889062351833917,0.96,diffusion,650.0000000000769,9.924343415860185e-08,2.381204856403948e-21,3.8589233703099355,,0.14780045321249397,0.8521995467292769,5.822899907892854e-11,,0.005,hydrodynamic_eigenmode,,,-446016912.5502461,"[-4829457.891080277, 92.35341162700752]"
-0.003969825801245134,0.4422761274995439,100.9695445911839,near_cold_inside,0.16581089675528507,0.2998968559236038,-9062.264785030771,-0.8889062351833917,0.96,sound_plus,650.0000000000769,-1.1056902082030622e-05,0.0020359868726795723,3.8589233703099355,,0.46172142378233477,0.46171842670063024,0.07656014951703502,,0.005,hydrodynamic_eigenmode,,,-446016912.5502461,"[-4829457.891080277, 92.35341162700752]"
-0.003969825801245134,0.4422761274995439,100.9695445911839,near_cold_inside,0.16581089675528507,0.2998968559236038,-9062.264785030771,-0.8889062351833917,0.96,sound_minus,650.0000000000769,-2.4878026574455196e-05,-0.0030539665534290556,3.8589233703099355,,0.46172216882195466,0.4617154253859813,0.07656240579206389,,0.0075,hydrodynamic_eigenmode,,,-446016912.5502461,"[-4829457.891080277, 92.35341162700752]"
-0.003969825801245134,0.4422761274995439,100.9695445911839,near_cold_inside,0.16581089675528507,0.2998968559236038,-9062.264785030771,-0.8889062351833917,0.96,diffusion,650.0000000000769,2.2329150663368448e-07,-1.5608443114006888e-22,3.8589233703099355,,0.14780037986146613,0.852199620007526,1.3100788384305692e-10,,0.0075,hydrodynamic_eigenmode,,,-446016912.5502461,"[-4829457.891080277, 92.35341162700752]"
-0.003969825801245134,0.4422761274995439,100.9695445911839,near_cold_inside,0.16581089675528507,0.2998968559236038,-9062.264785030771,-0.8889062351833917,0.96,sound_plus,650.0000000000769,-2.4878026574456507e-05,0.0030539665534290556,3.8589233703099355,,0.46172216882195494,0.46171542538598104,0.07656240579206396,,0.0075,hydrodynamic_eigenmode,,,-446016912.5502461,"[-4829457.891080277, 92.35341162700752]"
-0.003969825801245134,0.4422761274995439,100.9695445911839,near_cold_inside,0.16581089675528507,0.2998968559236038,-9062.264785030771,-0.8889062351833917,0.96,sound_minus,650.0000000000769,-4.4227595058840346e-05,-0.00407192972726776,3.8589233703099355,,0.4617232118761259,0.4617112235401847,0.07656556458368934,,0.01,hydrodynamic_eigenmode,,,-446016912.5502461,"[-4829457.891080277, 92.35341162700752]"
-0.003969825801245134,0.4422761274995439,100.9695445911839,near_cold_inside,0.16581089675528507,0.2998968559236038,-9062.264785030771,-0.8889062351833917,0.96,diffusion,650.0000000000769,3.96947198068447e-07,-3.8488075730871626e-20,3.8589233703099355,,0.1478002771770213,0.8521997225900942,2.3288457810781484e-10,,0.01,hydrodynamic_eigenmode,,,-446016912.5502461,"[-4829457.891080277, 92.35341162700752]"
-0.003969825801245134,0.4422761274995439,100.9695445911839,near_cold_inside,0.16581089675528507,0.2998968559236038,-9062.264785030771,-0.8889062351833917,0.96,sound_plus,650.0000000000769,-4.4227595058842094e-05,0.004071929727267761,3.8589233703099355,,0.46172321187612575,0.46171122354018485,0.0765655645836893,,0.01,hydrodynamic_eigenmode,,,-446016912.5502461,"[-4829457.891080277, 92.35341162700752]"
-0.003969825801245134,0.4422761274995439,100.9695445911839,near_cold_inside,0.16581089675528507,0.2998968559236038,-9062.264785030771,-0.8889062351833917,0.96,sound_minus,650.0000000000769,-9.951203913167408e-05,-0.00610778454336006,3.8589233703099355,,0.46172619202256815,0.4616992182324742,0.07657458974495762,,0.015,hydrodynamic_eigenmode,,,-446016912.5502461,"[-4829457.891080277, 92.35341162700752]"
-0.003969825801245134,0.4422761274995439,100.9695445911839,near_cold_inside,0.16581089675528507,0.2998968559236038,-9062.264785030771,-0.8889062351833917,0.96,diffusion,650.0000000000769,8.930316942291563e-07,7.406570959134308e-21,3.8589233703099355,,0.14779998383784054,0.8522000156382868,5.238725147020079e-10,,0.015,hydrodynamic_eigenmode,,,-446016912.5502461,"[-4829457.891080277, 92.35341162700752]"
-0.003969825801245134,0.4422761274995439,100.9695445911839,near_cold_inside,0.16581089675528507,0.2998968559236038,-9062.264785030771,-0.8889062351833917,0.96,sound_plus,650.0000000000769,-9.951203913167547e-05,0.006107784543360062,3.8589233703099355,,0.4617261920225684,0.46169921823247384,0.07657458974495773,,0.015,hydrodynamic_eigenmode,,,-446016912.5502461,"[-4829457.891080277, 92.35341162700752]"
-0.003969825801245134,0.4422761274995439,100.9695445911839,near_cold_inside,0.16581089675528507,0.2998968559236038,-9062.264785030771,-0.8889062351833917,0.96,sound_minus,650.0000000000769,-0.00017691016799953958,-0.00814350729592608,3.8589233703099355,,0.46173036420687724,0.4616824107169878,0.0765872250761351,,0.02,hydrodynamic_eigenmode,,,-446016912.5502461,"[-4829457.891080277, 92.35341162700752]"
-0.003969825801245134,0.4422761274995439,100.9695445911839,near_cold_inside,0.16581089675528507,0.2998968559236038,-9062.264785030771,-0.8889062351833917,0.96,diffusion,650.0000000000769,1.587364320642452e-06,-4.106648493682987e-20,3.8589233703099355,,0.14779957327482623,0.8522004257941378,9.310358791659945e-10,,0.02,hydrodynamic_eigenmode,,,-446016912.5502461,"[-4829457.891080277, 92.35341162700752]"
-0.003969825801245134,0.4422761274995439,100.9695445911839,near_cold_inside,0.16581089675528507,0.2998968559236038,-9062.264785030771,-0.8889062351833917,0.96,sound_plus,650.0000000000769,-0.00017691016799953923,0.008143507295926082,3.8589233703099355,,0.4617303642068771,0.4616824107169878,0.07658722507613512,,0.02,hydrodynamic_eigenmode,,,-446016912.5502461,"[-4829457.891080277, 92.35341162700752]"
-0.003969825801245134,0.4422761274995439,100.9695445911839,near_cold_inside,0.16581089675528507,0.2998968559236038,-9062.264785030771,-0.8889062351833917,0.96,sound_minus,650.0000000000769,-0.0003980470826952485,-0.012214380473356764,3.8589233703099355,,0.4617422846007112,0.4616343886989671,0.0766233267003216,,0.03,hydrodynamic_eigenmode,,,-446016912.5502461,"[-4829457.891080277, 92.35341162700752]"
-0.003969825801245134,0.4422761274995439,100.9695445911839,near_cold_inside,0.16581089675528507,0.2998968559236038,-9062.264785030771,-0.8889062351833917,0.96,diffusion,650.0000000000769,3.569979114014004e-06,-1.3033486236756652e-19,3.8589233703099355,,0.14779840095607072,0.8522015969509806,2.092948666482393e-09,,0.03,hydrodynamic_eigenmode,,,-446016912.5502461,"[-4829457.891080277, 92.35341162700752]"
-0.003969825801245134,0.4422761274995439,100.9695445911839,near_cold_inside,0.16581089675528507,0.2998968559236038,-9062.264785030771,-0.8889062351833917,0.96,sound_plus,650.0000000000769,-0.0003980470826952504,0.012214380473356766,3.8589233703099355,,0.4617422846007112,0.4616343886989673,0.07662332670032149,,0.03,hydrodynamic_eigenmode,,,-446016912.5502461,"[-4829457.891080277, 92.35341162700752]"
-0.003969825801245134,0.4422761274995439,100.9695445911839,near_cold_inside,0.16581089675528507,0.2998968559236038,-9062.264785030771,-0.8889062351833917,0.96,sound_minus,650.0000000000769,-0.0011056792849718307,-0.020352603910323504,3.8589233703099355,,0.46178042854992146,0.46148071279194086,0.07673885865813765,,0.05,hydrodynamic_eigenmode,,,-446016912.5502461,"[-4829457.891080277, 92.35341162700752]"
-0.003969825801245134,0.4422761274995439,100.9695445911839,near_cold_inside,0.16581089675528507,0.2998968559236038,-9062.264785030771,-0.8889062351833917,0.96,diffusion,650.0000000000769,9.902496953402165e-06,7.189854540928763e-20,3.8589233703099355,,0.14779465667331906,0.8522053375296161,5.797064856867099e-09,,0.05,hydrodynamic_eigenmode,,,-446016912.5502461,"[-4829457.891080277, 92.35341162700752]"
-0.003969825801245134,0.4422761274995439,100.9695445911839,near_cold_inside,0.16581089675528507,0.2998968559236038,-9062.264785030771,-0.8889062351833917,0.96,sound_plus,650.0000000000769,-0.0011056792849718311,0.020352603910323515,3.8589233703099355,,0.46178042854992146,0.46148071279194086,0.07673885865813768,,0.05,hydrodynamic_eigenmode,,,-446016912.5502461,"[-4829457.891080277, 92.35341162700752]"
0.0036904181836244945,0.44006175499824707,100.970630603831,near_cold_stable,0.1677722851643055,0.28859866242055066,7631.0831445986905,0.7485073136895444,1.04,sound_minus,649.9999999998311,-2.7503860284276806e-06,-0.0010239993423955688,3.9089233703099353,,0.46130322896610043,0.4613024729650073,0.07739429806889216,,0.0025,hydrodynamic_eigenmode,,,368463897.7968253,"[4848098.726464405, 76.00173152115894]"
0.0036904181836244945,0.44006175499824707,100.970630603831,near_cold_stable,0.1677722851643055,0.28859866242055066,7631.0831445986905,0.7485073136895444,1.04,diffusion,649.9999999998311,-2.3064994266575572e-08,-7.027197325448245e-21,3.9089233703099353,,0.1354797214001007,0.8645202785883673,1.1531902968840258e-11,,0.0025,hydrodynamic_eigenmode,,,368463897.7968253,"[4848098.726464405, 76.00173152115894]"
0.0036904181836244945,0.44006175499824707,100.970630603831,near_cold_stable,0.1677722851643055,0.28859866242055066,7631.0831445986905,0.7485073136895444,1.04,sound_plus,649.9999999998311,-2.750386028427768e-06,0.0010239993423955688,3.9089233703099353,,0.4613032289661001,0.46130247296500776,0.07739429806889216,,0.0025,hydrodynamic_eigenmode,,,368463897.7968253,"[4848098.726464405, 76.00173152115894]"
0.0036904181836244945,0.44006175499824707,100.970630603831,near_cold_stable,0.1677722851643055,0.28859866242055066,7631.0831445986905,0.7485073136895444,1.04,sound_minus,649.9999999998311,-1.100154483107667e-05,-0.002047992447329252,3.9089233703099353,,0.4613037199916456,0.4613006959819656,0.07739558402638874,,0.005,hydrodynamic_eigenmode,,,368463897.7968253,"[4848098.726464405, 76.00173152115894]"
0.0036904181836244945,0.44006175499824707,100.970630603831,near_cold_stable,0.1677722851643055,0.28859866242055066,7631.0831445986905,0.7485073136895444,1.04,diffusion,649.9999999998311,-9.225854233079924e-08,-2.5379777573519653e-20,3.9089233703099353,,0.13547976039417073,0.8645202395597031,4.6126190500824274e-11,,0.005,hydrodynamic_eigenmode,,,368463897.7968253,"[4848098.726464405, 76.00173152115894]"
0.0036904181836244945,0.44006175499824707,100.970630603831,near_cold_stable,0.1677722851643055,0.28859866242055066,7631.0831445986905,0.7485073136895444,1.04,sound_plus,649.9999999998311,-1.1001544831076144e-05,0.002047992447329252,3.9089233703099353,,0.4613037199916456,0.4613006959819656,0.07739558402638874,,0.005,hydrodynamic_eigenmode,,,368463897.7968253,"[4848098.726464405, 76.00173152115894]"
0.0036904181836244945,0.44006175499824707,100.970630603831,near_cold_stable,0.1677722851643055,0.28859866242055066,7631.0831445986905,0.7485073136895444,1.04,sound_minus,649.9999999998311,-2.47534785599392e-05,-0.0030719730772949486,3.9089233703099353,,0.46130453837219365,0.46129773433051796,0.07739772729728832,,0.0075,hydrodynamic_eigenmode,,,368463897.7968253,"[4848098.726464405, 76.00173152115894]"
0.0036904181836244945,0.44006175499824707,100.970630603831,near_cold_stable,0.1677722851643055,0.28859866242055066,7631.0831445986905,0.7485073136895444,1.04,diffusion,649.9999999998311,-2.0757634021896545e-07,1.8609248768776325e-20,3.9089233703099353,,0.13547982538164416,0.8645201745145772,1.0377859881482404e-10,,0.0075,hydrodynamic_eigenmode,,,368463897.7968253,"[4848098.726464405, 76.00173152115894]"
0.0036904181836244945,0.44006175499824707,100.970630603831,near_cold_stable,0.1677722851643055,0.28859866242055066,7631.0831445986905,0.7485073136895444,1.04,sound_plus,649.9999999998311,-2.4753478559937973e-05,0.0030719730772949486,3.9089233703099353,,0.46130453837219365,0.46129773433051796,0.07739772729728826,,0.0075,hydrodynamic_eigenmode,,,368463897.7968253,"[4848098.726464405, 76.00173152115894]"
0.0036904181836244945,0.44006175499824707,100.970630603831,near_cold_stable,0.1677722851643055,0.28859866242055066,7631.0831445986905,0.7485073136895444,1.04,sound_minus,649.9999999998311,-4.40061908012991e-05,-0.00409593499469811,3.9089233703099353,,0.4613056841147059,0.4612935879910939,0.07740072789420022,,0.01,hydrodynamic_eigenmode,,,368463897.7968253,"[4848098.726464405, 76.00173152115894]"
0.0036904181836244945,0.44006175499824707,100.970630603831,near_cold_stable,0.1677722851643055,0.28859866242055066,7631.0831445986905,0.7485073136895444,1.04,diffusion,649.9999999998311,-3.6901121535295244e-07,-1.1767568882846164e-20,3.9089233703099353,,0.13547991635855414,0.8645200834569637,1.8448202266002058e-10,,0.01,hydrodynamic_eigenmode,,,368463897.7968253,"[4848098.726464405, 76.00173152115894]"
0.0036904181836244945,0.44006175499824707,100.970630603831,near_cold_stable,0.1677722851643055,0.28859866242055066,7631.0831445986905,0.7485073136895444,1.04,sound_plus,649.9999999998311,-4.4006190801297266e-05,0.004095934994698112,3.9089233703099353,,0.46130568411470574,0.46129358799109416,0.07740072789420024,,0.01,hydrodynamic_eigenmode,,,368463897.7968253,"[4848098.726464405, 76.00173152115894]"
0.0036904181836244945,0.44006175499824707,100.970630603831,near_cold_stable,0.1677722851643055,0.28859866242055066,7631.0831445986905,0.7485073136895444,1.04,sound_minus,649.9999999998311,-9.901397233464915e-05,-0.006143777740730998,3.9089233703099353,,0.46130895772737684,0.46128174113091425,0.07740930114170894,,0.015,hydrodynamic_eigenmode,,,368463897.7968253,"[4848098.726464405, 76.00173152115894]"
0.0036904181836244945,0.44006175499824707,100.970630603831,near_cold_stable,0.1677722851643055,0.28859866242055066,7631.0831445986905,0.7485073136895444,1.04,diffusion,649.9999999998311,-8.301891710833919e-07,-8.362695176779843e-21,3.9089233703099353,,0.1354801762568919,0.8645198233281088,4.1499929911467743e-10,,0.015,hydrodynamic_eigenmode,,,368463897.7968253,"[4848098.726464405, 76.00173152115894]"
0.0036904181836244945,0.44006175499824707,100.970630603831,near_cold_stable,0.1677722851643055,0.28859866242055066,7631.0831445986905,0.7485073136895444,1.04,sound_plus,649.9999999998311,-9.901397233464792e-05,0.006143777740731,3.9089233703099353,,0.4613089577273768,0.46128174113091436,0.07740930114170883,,0.015,hydrodynamic_eigenmode,,,368463897.7968253,"[4848098.726464405, 76.00173152115894]"
0.0036904181836244945,0.44006175499824707,100.970630603831,near_cold_stable,0.1677722851643055,0.28859866242055066,7631.0831445986905,0.7485073136895444,1.04,sound_minus,649.9999999998311,-0.0001760249467812099,-0.008191470781221233,3.9089233703099353,,0.4613135409409951,0.46126515508836907,0.07742130397063596,,0.02,hydrodynamic_eigenmode,,,368463897.7968253,"[4848098.726464405, 76.00173152115894]"
0.0036904181836244945,0.44006175499824707,100.970630603831,near_cold_stable,0.1677722851643055,0.28859866242055066,7631.0831445986905,0.7485073136895444,1.04,diffusion,649.9999999998311,-1.4756777093627212e-06,-9.980449761669665e-20,3.9089233703099353,,0.13548054002575902,0.8645194592366766,7.375644264624112e-10,,0.02,hydrodynamic_eigenmode,,,368463897.7968253,"[4848098.726464405, 76.00173152115894]"
0.0036904181836244945,0.44006175499824707,100.970630603831,near_cold_stable,0.1677722851643055,0.28859866242055066,7631.0831445986905,0.7485073136895444,1.04,sound_plus,649.9999999998311,-0.0001760249467812169,0.008191470781221228,3.9089233703099353,,0.4613135409409951,0.46126515508836896,0.07742130397063603,,0.02,hydrodynamic_eigenmode,,,368463897.7968253,"[4848098.726464405, 76.00173152115894]"
0.0036904181836244945,0.44006175499824707,100.970630603831,near_cold_stable,0.1677722851643055,0.28859866242055066,7631.0831445986905,0.7485073136895444,1.04,sound_minus,649.9999999998311,-0.0003960568182219853,-0.012286208106084476,3.9089233703099353,,0.46132663683887426,0.4612177635782103,0.0774555995829153,,0.03,hydrodynamic_eigenmode,,,368463897.7968253,"[4848098.726464405, 76.00173152115894]"
0.0036904181836244945,0.44006175499824707,100.970630603831,near_cold_stable,0.1677722851643055,0.28859866242055066,7631.0831445986905,0.7485073136895444,1.04,diffusion,649.9999999998311,-3.31889891754665e-06,-7.382933045158945e-21,3.9089233703099353,,0.13548157879484754,0.8645184195469949,1.6581575412596224e-09,,0.03,hydrodynamic_eigenmode,,,368463897.7968253,"[4848098.726464405, 76.00173152115894]"
0.0036904181836244945,0.44006175499824707,100.970630603831,near_cold_stable,0.1677722851643055,0.28859866242055066,7631.0831445986905,0.7485073136895444,1.04,sound_plus,649.9999999998311,-0.00039605681822198283,0.012286208106084476,3.9089233703099353,,0.46132663683887437,0.46121776357821026,0.07745559958291531,,0.03,hydrodynamic_eigenmode,,,368463897.7968253,"[4848098.726464405, 76.00173152115894]"
0.0036904181836244945,0.44006175499824707,100.970630603831,near_cold_stable,0.1677722851643055,0.28859866242055066,7631.0831445986905,0.7485073136895444,1.04,sound_minus,649.9999999998311,-0.0011001639332488325,-0.02047168985770718,3.9089233703099353,,0.46136855367873086,0.4610660827114094,0.07756536360985973,,0.05,hydrodynamic_eigenmode,,,368463897.7968253,"[4848098.726464405, 76.00173152115894]"
0.0036904181836244945,0.44006175499824707,100.970630603831,near_cold_stable,0.1677722851643055,0.28859866242055066,7631.0831445986905,0.7485073136895444,1.04,diffusion,649.9999999998311,-9.206953950959877e-06,4.597116172110933e-19,3.9089233703099353,,0.1354848971862217,0.8645150982198648,4.593913563052595e-09,,0.05,hydrodynamic_eigenmode,,,368463897.7968253,"[4848098.726464405, 76.00173152115894]"
0.0036904181836244945,0.44006175499824707,100.970630603831,near_cold_stable,0.1677722851643055,0.28859866242055066,7631.0831445986905,0.7485073136895444,1.04,sound_plus,649.9999999998311,-0.0011001639332488453,0.020471689857707184,3.9089233703099353,,0.46136855367873086,0.46106608271140953,0.07756536360985973,,0.05,hydrodynamic_eigenmode,,,368463897.7968253,"[4848098.726464405, 76.00173152115894]"
0.02380967466514585,0.4345182330812871,100.72216783487544,cold_stable,0.1715891409272925,0.26007725967881135,628.868022435864,0.06198825097290607,1.21,sound_minus,649.9999999970466,-2.7157392748807974e-06,-0.0010355816472484166,4.033923370309935,,0.46049245869598,0.460491697538455,0.07901584376556504,,0.0025,hydrodynamic_eigenmode,,,29012753.2906359,"[637850.2944569129, 45.48520795986826]"
0.02380967466514585,0.4345182330812871,100.72216783487544,cold_stable,0.1715891409272925,0.26007725967881135,628.868022435864,0.06198825097290607,1.21,diffusion,649.9999999970466,-1.4880983041558071e-07,1.4726861055305304e-20,4.033923370309935,,0.10584969330183946,0.8941503063231246,3.750358896182203e-10,,0.0025,hydrodynamic_eigenmode,,,29012753.2906359,"[637850.2944569129, 45.48520795986826]"
0.02380967466514585,0.4345182330812871,100.72216783487544,cold_stable,0.1715891409272925,0.26007725967881135,628.868022435864,0.06198825097290607,1.21,sound_plus,649.9999999970466,-2.715739274881039e-06,0.0010355816472484168,4.033923370309935,,0.46049245869598,0.460491697538455,0.0790158437655651,,0.0025,hydrodynamic_eigenmode,,,29012753.2906359,"[637850.2944569129, 45.48520795986826]"
0.02380967466514585,0.4345182330812871,100.72216783487544,cold_stable,0.1715891409272925,0.26007725967881135,628.868022435864,0.06198825097290607,1.21,sound_minus,649.9999999970466,-1.0862960923030556e-05,-0.0020711552332974732,4.033923370309935,,0.4604930427662437,0.460489998120108,0.07901695911364827,,0.005,hydrodynamic_eigenmode,,,29012753.2906359,"[637850.2944569129, 45.48520795986826]"
0.02380967466514585,0.4345182330812871,100.72216783487544,cold_stable,0.1715891409272925,0.26007725967881135,628.868022435864,0.06198825097290607,1.21,diffusion,649.9999999970466,-5.952316746447102e-07,-1.0314599409855995e-21,4.033923370309935,,0.10584990950609399,0.894150088993798,1.5001080781963298e-09,,0.005,hydrodynamic_eigenmode,,,29012753.2906359,"[637850.2944569129, 45.48520795986826]"
0.02380967466514585,0.4345182330812871,100.72216783487544,cold_stable,0.1715891409272925,0.26007725967881135,628.868022435864,0.06198825097290607,1.21,sound_plus,649.9999999970466,-1.0862960923030205e-05,0.002071155233297475,4.033923370309935,,0.4604930427662437,0.4604899981201078,0.07901695911364844,,0.005,hydrodynamic_eigenmode,,,29012753.2906359,"[637850.2944569129, 45.48520795986826]"
0.02380967466514585,0.4345182330812871,100.72216783487544,cold_stable,0.1715891409272925,0.26007725967881135,628.868022435864,0.06198825097290607,1.21,sound_minus,649.9999999970466,-2.444167641456271e-05,-0.0031067126969380027,4.033923370309935,,0.4604940162340938,0.46048716572015513,0.0790188180457511,,0.0075,hydrodynamic_eigenmode,,,29012753.2906359,"[637850.2944569129, 45.48520795986826]"
0.02380967466514585,0.4345182330812871,100.72216783487544,cold_stable,0.1715891409272925,0.26007725967881135,628.868022435864,0.06198825097290607,1.21,diffusion,649.9999999970466,-1.3392425924612026e-06,3.6274780990391973e-20,4.033923370309935,,0.10585026983603275,0.894149726788857,3.3751101304310876e-09,,0.0075,hydrodynamic_eigenmode,,,29012753.2906359,"[637850.2944569129, 45.48520795986826]"
0.02380967466514585,0.4345182330812871,100.72216783487544,cold_stable,0.1715891409272925,0.26007725967881135,628.868022435864,0.06198825097290607,1.21,sound_plus,649.9999999970466,-2.4441676414561832e-05,0.0031067126969380036,4.033923370309935,,0.4604940162340937,0.46048716572015513,0.07901881804575105,,0.0075,hydrodynamic_eigenmode,,,29012753.2906359,"[637850.2944569129, 45.48520795986826]"
0.02380967466514585,0.4345182330812871,100.72216783487544,cold_stable,0.1715891409272925,0.26007725967881135,628.868022435864,0.06198825097290607,1.21,sound_minus,649.9999999970466,-4.3451904864977775e-05,-0.004142245976941192,4.033923370309935,,0.4604953791256415,0.4604832002845399,0.0790214205898186,,0.01,hydrodynamic_eigenmode,,,29012753.2906359,"[637850.2944569129, 45.48520795986826]"
0.02380967466514585,0.4345182330812871,100.72216783487544,cold_stable,0.1715891409272925,0.26007725967881135,628.868022435864,0.06198825097290607,1.21,diffusion,649.9999999970466,-2.380804352866033e-06,-1.2697264590332615e-21,4.033923370309935,,0.10585077427592941,0.8941492197242059,5.999864672300583e-09,,0.01,hydrodynamic_eigenmode,,,29012753.2906359,"[637850.2944569129, 45.48520795986826]"
0.02380967466514585,0.4345182330812871,100.72216783487544,cold_stable,0.1715891409272925,0.26007725967881135,628.868022435864,0.06198825097290607,1.21,sound_plus,649.9999999970466,-4.3451904864976636e-05,0.00414224597694119,4.033923370309935,,0.4604953791256416,0.4604832002845399,0.07902142058981856,,0.01,hydrodynamic_eigenmode,,,29012753.2906359,"[637850.2944569129, 45.48520795986826]"
0.02380967466514585,0.4345182330812871,100.72216783487544,cold_stable,0.1715891409272925,0.26007725967881135,628.868022435864,0.06198825097290607,1.21,sound_minus,649.9999999970466,-9.776701531836493e-05,-0.006213207740962933,4.033923370309935,,0.46049927333650004,0.46047186998198625,0.07902885668151373,,0.015,hydrodynamic_eigenmode,,,29012753.2906359,"[637850.2944569129, 45.48520795986826]"
0.02380967466514585,0.4345182330812871,100.72216783487544,cold_stable,0.1715891409272925,0.26007725967881135,628.868022435864,0.06198825097290607,1.21,diffusion,649.9999999970466,-5.3563510496169355e-06,2.6646025780197765e-21,4.033923370309935,,0.10585221539124272,0.89414777111119,1.3497567210052675e-08,,0.015,hydrodynamic_eigenmode,,,29012753.2906359,"[637850.2944569129, 45.48520795986826]"
0.02380967466514585,0.4345182330812871,100.72216783487544,cold_stable,0.1715891409272925,0.26007725967881135,628.868022435864,0.06198825097290607,1.21,sound_plus,649.9999999970466,-9.776701531836836e-05,0.006213207740962937,4.033923370309935,,0.46049927333650004,0.46047186998198614,0.07902885668151384,,0.015,hydrodynamic_eigenmode,,,29012753.2906359,"[637850.2944569129, 45.48520795986826]"
0.02380967466514585,0.4345182330812871,100.72216783487544,cold_stable,0.1715891409272925,0.26007725967881135,628.868022435864,0.06198825097290607,1.21,sound_minus,649.9999999970466,-0.0001738085980172438,-0.008283976034763897,4.033923370309935,,0.46050472581655366,0.4604560063476413,0.07903926783580498,,0.02,hydrodynamic_eigenmode,,,29012753.2906359,"[637850.2944569129, 45.48520795986826]"
0.02380967466514585,0.4345182330812871,100.72216783487544,cold_stable,0.1715891409272925,0.26007725967881135,628.868022435864,0.06198825097290607,1.21,diffusion,649.9999999970466,-9.521260296798483e-06,1.555226795594662e-20,4.033923370309935,,0.10585423260047332,0.8941457434091474,2.3990379234928023e-08,,0.02,hydrodynamic_eigenmode,,,29012753.2906359,"[637850.2944569129, 45.48520795986826]"
0.02380967466514585,0.4345182330812871,100.72216783487544,cold_stable,0.1715891409272925,0.26007725967881135,628.868022435864,0.06198825097290607,1.21,sound_plus,649.9999999970466,-0.00017380859801724522,0.008283976034763899,4.033923370309935,,0.4605047258165535,0.46045600634764156,0.07903926783580496,,0.02,hydrodynamic_eigenmode,,,29012753.2906359,"[637850.2944569129, 45.48520795986826]"
0.02380967466514585,0.4345182330812871,100.72216783487544,cold_stable,0.1715891409272925,0.26007725967881135,628.868022435864,0.06198825097290607,1.21,sound_minus,649.9999999970466,-0.0003910730134621756,-0.012424674244230853,4.033923370309935,,0.4605203080898785,0.46041067389605905,0.07906901801406253,,0.03,hydrodynamic_eigenmode,,,29012753.2906359,"[637850.2944569129, 45.48520795986826]"
0.02380967466514585,0.4345182330812871,100.72216783487544,cold_stable,0.1715891409272925,0.26007725967881135,628.868022435864,0.06198825097290607,1.21,diffusion,649.9999999970466,-2.141549982107069e-05,-1.4201541838871843e-19,4.033923370309935,,0.10585999379203312,0.8941399522636392,5.394432766488575e-08,,0.03,hydrodynamic_eigenmode,,,29012753.2906359,"[637850.2944569129, 45.48520795986826]"
0.02380967466514585,0.4345182330812871,100.72216783487544,cold_stable,0.1715891409272925,0.26007725967881135,628.868022435864,0.06198825097290607,1.21,sound_plus,649.9999999970466,-0.0003910730134621689,0.01242467424423085,4.033923370309935,,0.4605203080898784,0.460410673896059,0.07906901801406246,,0.03,hydrodynamic_eigenmode,,,29012753.2906359,"[637850.2944569129, 45.48520795986826]"
0.02380967466514585,0.4345182330812871,100.72216783487544,cold_stable,0.1715891409272925,0.26007725967881135,628.868022435864,0.06198825097290607,1.21,sound_minus,649.9999999970466,-0.001086346491199238,-0.02070091128801789,4.033923370309935,,0.4605702087619569,0.4602655326184454,0.07916425861959774,,0.05,hydrodynamic_eigenmode,,,29012753.2906359,"[637850.2944569129, 45.48520795986826]"
0.02380967466514585,0.4345182330812871,100.72216783487544,cold_stable,0.1715891409272925,0.26007725967881135,628.868022435864,0.06198825097290607,1.21,diffusion,649.9999999970466,-5.94223696721219e-05,-5.453536527881608e-20,4.033923370309935,,0.10587840709464304,0.8941214433619318,1.4954342524397906e-07,,0.05,hydrodynamic_eigenmode,,,29012753.2906359,"[637850.2944569129, 45.48520795986826]"
0.02380967466514585,0.4345182330812871,100.72216783487544,cold_stable,0.1715891409272925,0.26007725967881135,628.868022435864,0.06198825097290607,1.21,sound_plus,649.9999999970466,-0.00108634649119924,0.020700911288017897,4.033923370309935,,0.4605702087619568,0.46026553261844527,0.07916425861959783,,0.05,hydrodynamic_eigenmode,,,29012753.2906359,"[637850.2944569129, 45.48520795986826]"
,,,hot_stable,,,,,-0.21,diffusion,,-6.006873647732549e-06,-0.0,,1.234828754951904e-06,,,,dedicated collocation continuation,0.01,qnm,9.839521485928106e-13,1.0579968019796632e-12,,
,,,hot_stable,,,,,-0.21,sound_plus,,-4.001643684753152e-05,0.003616374835866635,,3.258637976068764e-06,,,,dedicated collocation continuation,0.01,qnm,6.233990153244817e-14,8.250421078880681e-14,,
,,,hot_stable,,,,,-0.21,sound_minus,,-4.001643684753152e-05,-0.003616374835866635,,3.258637976068764e-06,,,,dedicated collocation continuation,0.01,qnm_symmetry_partner,6.233990153244817e-14,8.250421078880681e-14,,
,,,near_hot_stable,,,,,-0.04,diffusion,,-7.97777208380456e-07,-0.0,,1.1120174905082435e-06,,,,dedicated collocation continuation,0.01,qnm,7.621755661817279e-13,7.617092806861391e-13,,
,,,near_hot_stable,,,,,-0.04,sound_plus,,-4.2465737277393644e-05,0.003625162495310624,,2.561410981424763e-06,,,,dedicated collocation continuation,0.01,qnm,7.024679156512403e-14,1.0026220176155685e-13,,
,,,near_hot_stable,,,,,-0.04,sound_minus,,-4.2465737277393644e-05,-0.003625162495310624,,2.561410981424763e-06,,,,dedicated collocation continuation,0.01,qnm_symmetry_partner,7.024679156512403e-14,1.0026220176155685e-13,,
,,,near_hot_inside,,,,,0.04,diffusion,,7.227166070290524e-07,0.0,,1.0723183765365272e-06,,,,dedicated collocation continuation,0.01,qnm,5.48702036671505e-13,5.262604807750835e-13,,
,,,near_hot_inside,,,,,0.04,sound_plus,,-4.321956186368597e-05,0.003641998989798166,,2.0190320938810577e-06,,,,dedicated collocation continuation,0.01,qnm,9.985263959293481e-14,1.5054095339938986e-13,,
,,,near_hot_inside,,,,,0.04,sound_minus,,-4.321956186368597e-05,-0.003641998989798166,,2.0190320938810577e-06,,,,dedicated collocation continuation,0.01,qnm_symmetry_partner,9.985263959293481e-14,1.5054095339938986e-13,,
,,,near_hot_fold,,,,,0.1,diffusion,,1.142960003672298e-07,0.0,,1.0389959821556495e-06,,,,dedicated collocation continuation,0.0025,qnm,1.2015977490018026e-12,1.103815080311566e-12,,
,,,near_hot_fold,,,,,0.1,diffusion,,4.5705790298518376e-07,0.0,,1.0389759312042852e-06,,,,dedicated collocation continuation,0.005,qnm,1.1683903268284676e-12,1.0734189263056322e-12,,
,,,near_hot_fold,,,,,0.1,diffusion,,1.0279074894435237e-06,0.0,,1.0389231097119759e-06,,,,dedicated collocation continuation,0.0075,qnm,1.3924903943449671e-12,1.2794057151840646e-12,,
,,,near_hot_fold,,,,,0.1,diffusion,,1.8262145014461547e-06,0.0,,1.0389124207448554e-06,,,,accepted production spinodal scan,0.01,qnm,5.325342149100854e-13,,,
,,,near_hot_fold,,,,,0.1,diffusion,,4.101421904634639e-06,0.0,,1.0388717616506603e-06,,,,dedicated collocation continuation,0.015,qnm,1.0737826105018301e-12,9.874056989195754e-13,,
,,,near_hot_fold,,,,,0.1,diffusion,,7.2726140006040035e-06,0.0,,1.0388579569491583e-06,,,,accepted production spinodal scan,0.02,qnm,1.5167591023412555e-12,,,
,,,near_hot_fold,,,,,0.1,diffusion,,1.6242724128832947e-05,0.0,,1.0386749721041723e-06,,,,accepted production spinodal scan,0.03,qnm,8.949356348564239e-13,,,
,,,near_hot_fold,,,,,0.1,diffusion,,4.405198733424792e-05,0.0,,1.0381905381651384e-06,,,,accepted production spinodal scan,0.05,qnm,2.8190153272876217e-13,,,
,,,near_hot_fold,,,,,0.1,sound_plus,,-4.378535598527269e-05,0.0036625417273516226,,1.1812306565378677e-06,,,,dedicated collocation continuation,0.01,qnm,3.5881601504737903e-13,5.689327928688956e-13,,
,,,near_hot_fold,,,,,0.1,sound_minus,,-4.378535598527269e-05,-0.0036625417273516226,,1.1812306565378677e-06,,,,dedicated collocation continuation,0.01,qnm_symmetry_partner,3.5881601504737903e-13,5.689327928688956e-13,,
,,,midpoint,,,,,0.5,diffusion,,2.434487582871745e-07,0.0,,8.407086216976982e-07,,,,dedicated collocation continuation,0.0025,qnm,2.019102688035504e-12,1.221245903680119e-12,,
,,,midpoint,,,,,0.5,diffusion,,9.736437769578097e-07,0.0,,8.407282401182351e-07,,,,dedicated collocation continuation,0.005,qnm,8.767966174358173e-12,5.303945139877536e-12,,
,,,midpoint,,,,,0.5,diffusion,,2.1901320218656135e-06,0.0,,8.406552066811965e-07,,,,dedicated collocation continuation,0.0075,qnm,7.584038276313738e-12,4.588682754550531e-12,,
,,,midpoint,,,,,0.5,diffusion,,3.892158646075351e-06,0.0,,8.406805851825756e-07,,,,accepted production spinodal scan,0.01,qnm,3.469021063256992e-12,,,
,,,midpoint,,,,,0.5,diffusion,,8.748294797867524e-06,0.0,,8.407028248104353e-07,,,,dedicated collocation continuation,0.015,qnm,6.076402570923679e-12,3.682008810383649e-12,,
,,,midpoint,,,,,0.5,diffusion,,1.552998706489976e-05,0.0,,8.406310218897824e-07,,,,accepted production spinodal scan,0.02,qnm,1.0283896806974145e-11,,,
,,,midpoint,,,,,0.5,diffusion,,3.479790278171483e-05,0.0,,8.406159693088722e-07,,,,accepted production spinodal scan,0.03,qnm,2.720522041583472e-13,,,
,,,midpoint,,,,,0.5,diffusion,,9.53831267703066e-05,0.0,,8.404532601926625e-07,,,,accepted production spinodal scan,0.05,qnm,1.8933401340210276e-12,,,
,,,midpoint,,,,,0.5,sound_plus,,-4.51722403875958e-05,0.0038545923573402073,,1.6091414811221244e-06,,,,dedicated collocation continuation,0.01,qnm,3.7582820504345e-13,6.63934539698116e-13,,
,,,midpoint,,,,,0.5,sound_minus,,-4.51722403875958e-05,-0.0038545923573402073,,1.6091414811221244e-06,,,,dedicated collocation continuation,0.01,qnm_symmetry_partner,3.7582820504345e-13,6.63934539698116e-13,,
,,,near_cold_fold,,,,,0.9,diffusion,,6.62177838903088e-08,0.0,,6.23449925570207e-07,,,,dedicated collocation continuation,0.0025,qnm,1.2798979045187903e-10,3.602903532088965e-11,,
,,,near_cold_fold,,,,,0.9,diffusion,,2.6475693674912033e-07,0.0,,6.234443774596121e-07,,,,dedicated collocation continuation,0.005,qnm,3.1296183554631294e-11,8.813279887692879e-12,,
,,,near_cold_fold,,,,,0.9,diffusion,,5.952710465064595e-07,0.0,,6.234408940742381e-07,,,,dedicated collocation continuation,0.0075,qnm,9.57514236734562e-11,2.6980361034035518e-11,,
,,,near_cold_fold,,,,,0.9,diffusion,,1.0572143274017759e-06,0.0,,6.23448108017783e-07,,,,accepted production spinodal scan,0.01,qnm,7.296312400584466e-11,,,
,,,near_cold_fold,,,,,0.9,diffusion,,2.3719711278123083e-06,0.0,,6.234459565560103e-07,,,,dedicated collocation continuation,0.015,qnm,2.1790193305422444e-10,6.160719935341461e-11,,
,,,near_cold_fold,,,,,0.9,diffusion,,4.199874890712029e-06,0.0,,6.234583685953201e-07,,,,accepted production spinodal scan,0.02,qnm,1.763345907292344e-10,,,
,,,near_cold_fold,,,,,0.9,diffusion,,9.341427831714569e-06,0.0,,6.234822862084225e-07,,,,accepted production spinodal scan,0.03,qnm,1.7626188881841958e-10,,,
,,,near_cold_fold,,,,,0.9,diffusion,,2.498827413672315e-05,0.0,,6.234593845697928e-07,,,,accepted production spinodal scan,0.05,qnm,1.0848880174939731e-10,,,
,,,near_cold_fold,,,,,0.9,sound_plus,,-4.442084593553538e-05,0.004047899441217496,,1.373102626684298e-06,,,,dedicated collocation continuation,0.01,qnm,2.0455885411978083e-12,2.5060253771818005e-12,,
,,,near_cold_fold,,,,,0.9,sound_minus,,-4.442084593553538e-05,-0.004047899441217496,,1.373102626684298e-06,,,,dedicated collocation continuation,0.01,qnm_symmetry_partner,2.0455885411978083e-12,2.5060253771818005e-12,,
,,,near_cold_inside,,,,,0.96,diffusion,,3.947138711094425e-07,0.0,,5.887603107401736e-07,,,,dedicated collocation continuation,0.01,qnm,7.901809874600876e-11,1.9031703252988707e-11,,
,,,near_cold_inside,,,,,0.96,sound_plus,,-4.4226588123055966e-05,0.00407224958897697,,1.3279933567888764e-06,,,,dedicated collocation continuation,0.01,qnm,1.781455357287149e-12,2.002392519696517e-12,,
,,,near_cold_inside,,,,,0.96,sound_minus,,-4.4226588123055966e-05,-0.00407224958897697,,1.3279933567888764e-06,,,,dedicated collocation continuation,0.01,qnm_symmetry_partner,1.781455357287149e-12,2.002392519696517e-12,,
,,,near_cold_stable,,,,,1.04,diffusion,,-3.711418367131214e-07,-0.0,,5.513583818165706e-07,,,,dedicated collocation continuation,0.01,qnm,3.3863522981363955e-10,6.840991269542359e-11,,
,,,near_cold_stable,,,,,1.04,sound_plus,,-4.400558140372971e-05,0.004096311078201225,,1.2799043853854349e-06,,,,dedicated collocation continuation,0.01,qnm,4.489978989304211e-12,4.561164268001118e-12,,
,,,near_cold_stable,,,,,1.04,sound_minus,,-4.400558140372971e-05,-0.004096311078201225,,1.2799043853854349e-06,,,,dedicated collocation continuation,0.01,qnm_symmetry_partner,4.489978989304211e-12,4.561164268001118e-12,,
,,,cold_stable,,,,,1.21,diffusion,,-2.3826939937446938e-06,-0.0,,4.638244725836541e-07,,,,dedicated collocation continuation,0.01,qnm,1.075183387836593e-09,1.5651568339998255e-10,,
,,,cold_stable,,,,,1.21,sound_plus,,-4.345565792480383e-05,0.004143167716913604,,1.1715605286304575e-06,,,,dedicated collocation continuation,0.01,qnm,6.574084035534014e-11,5.054047869873521e-11,,
,,,cold_stable,,,,,1.21,sound_minus,,-4.345565792480383e-05,-0.004143167716913604,,1.1715605286304575e-06,,,,dedicated collocation continuation,0.01,qnm_symmetry_partner,6.574084035534014e-11,5.054047869873521e-11,,
,,,midpoint,,,,,0.5,first_nonhydrodynamic,,-0.2302436641067325,1.5328691108875938,,nan,,,,source-factored q=0 singlet spectrum,0.0,qnm_q0_spectral,nan,,,
