stride,mu_MeV,delta_spinodal_low_T_MeV,delta_spinodal_high_T_MeV,delta_coexistence_T_MeV
4,598.0,-0.008898536977113736,-0.0010214595717314978,-0.006145214150606648
4,602.0,-0.010139659957630442,-0.002051329316358874,-0.007753610311524994
4,606.0,-0.00995096146559149,-0.003990845503693663,-0.008471301886018523
4,610.0,-0.008989430964206235,-0.0037582547950734124,-0.008120707293599594
4,614.0,-0.007089744532564168,-0.0021195171816259517,-0.007349640653146139
4,618.0,-0.0037026950921301705,-0.003981766658625929,-0.006154892992014993
4,622.0,-0.0003711369661800745,-0.005992087618892583,-0.0044262142320690145
4,626.0,-0.0023218683049321953,-0.007369527243170637,-0.003948789851719425
4,630.0,-0.006003420540054094,-0.007277422907606024,-0.004620993278948049
4,634.0,-0.008104217575123585,-0.006512373500058288,-0.005520264760477289
4,638.0,-0.008603038671765262,-0.0071082310697079265,-0.006864593081814974
4,642.0,-0.00919132705297443,-0.00792301527648931,-0.007796846604904317
4,646.0,-0.008617195711266845,-0.008907461006060657,-0.007857616293023284
4,650.0,-0.007875408955527519,-0.009788669680872886,-0.00760768255338462
4,654.0,-0.006587203906477157,-0.010377611900992179,-0.007264935817204332
4,658.0,-0.003828453858801595,-0.010405334841948388,-0.00640194357049495
4,662.0,-0.000813391001315722,-0.010533203622330234,-0.005310708528668329
4,666.0,-0.0005296890756483208,-0.01013223506686245,-0.004403794158093888
4,670.0,-0.0027276096568442654,-0.00984521780812031,-0.004640057793196206
4,674.0,-0.00589280568767947,-0.00909194977145944,-0.004730094482368941
4,678.0,-0.007424155385592712,-0.008544977505081874,-0.0047365678787798515
4,682.0,-0.007833511506731838,-0.008129234887874759,-0.005691137125637624
4,686.0,-0.007476967952371183,-0.007745723286049611,-0.006199010584509779
4,690.0,-0.0064415041219803015,-0.007157921045973126,-0.0061744172218851645
4,694.0,-0.005508636134692324,-0.007186050464525806,-0.005459435427013659
4,698.0,-0.003696340136983167,-0.008254689663104386,-0.005214921745150036
4,702.0,-0.0016568486475136979,-0.007763554895760194,-0.004775292780436757
4,706.0,-0.0009514832546813068,-0.007128111963169204,-0.004517700864326457
4,710.0,-0.0010175367522577972,-0.005732138551309163,-0.004145897148958966
4,714.0,-0.0019098222544329246,-0.003986673122994944,-0.004279247127556118
4,718.0,-0.002905225786662413,-0.0023098365813041255,-0.003936916232333942
4,722.0,-0.004598680561457513,-0.0004957246739536458,-0.003192669963453909
4,726.0,-0.005837072466690074,-0.0024107534978980993,-0.0028055014216761265
4,730.0,-0.00510552673516429,-0.004839211312528846,-0.0037859463119502834
4,734.0,-0.004252289001627219,-0.006072707251874476,-0.004356349821350136
4,738.0,-0.0029467364052493394,-0.006987132525210882,-0.0043650159503272334
4,742.0,-0.0012801991072279861,-0.007370801393975057,-0.0038315237589756634
4,746.0,0.0004068658117404311,-0.00674591820164494,-0.0026371587067899327
4,750.0,0.0005419684438550121,-0.0057272567879351755,-0.0027293032139681372
4,754.0,0.000268041857950152,-0.004218703470826313,-0.002198951215859779
4,758.0,0.00028503567341431335,-0.0018977435471754234,-0.0014896326598545784
4,762.0,0.0005288678687378479,-0.0020538035077635186,-0.0018623469106415769
4,766.0,0.00046853043609473843,-0.0035306935637606784,-0.0017701607329883018
4,770.0,0.00010546557086854591,-0.004585177130294937,-0.0013062696735488544
4,774.0,-0.0003703607326031033,-0.005588405683482733,-0.0001362567076768073
4,778.0,-0.0006471432273826849,-0.00711997388938812,7.737888091696732e-05
4,782.0,-0.0009531680518506391,-0.007867510814108414,-0.0011270049752596378
4,786.0,-0.0010272338382577573,-0.008460543578621582,-0.0020713182852887257
4,790.0,0.0011393195753015561,-0.009142642840529902,-0.002029413939979463
4,794.0,0.0028861951045797696,-0.009345071991774034,-0.0013366451644429844
4,798.0,0.005109995315720539,-0.008636326942180972,0.0006245909747519818
4,802.0,0.0062199239184508315,-0.0072606819304752435,0.00303141438010357
4,806.0,0.006380861921797987,-0.007122648660569553,0.004265772163790871
4,810.0,0.006740919018426439,-0.006829784201343614,0.003070111561385147
4,814.0,0.006201431814247371,-0.006125560514007589,0.002318130898188997
4,818.0,0.005810844480365063,-0.005960985438761668,0.0018165541037404864
4,822.0,0.0043044480689644615,-0.006013915863164243,0.0017167498369730083
4,826.0,0.0021261884059100566,-0.0056119446404068185,0.0019086699259815987
4,830.0,0.00035828200131504673,-0.005451859504859158,0.002791536244686199
4,834.0,0.005834965445842499,-0.005717296685872952,0.0030627824731226383
4,838.0,0.010876806645825354,-0.006005018428467679,0.0040530294422040924
4,842.0,0.014635949160293649,-0.007599928780720688,0.005667738508336129
4,846.0,0.01624887297221278,-0.008616012046132937,0.006768882156450218
4,850.0,0.017753988646660446,-0.009693778308914602,0.008261003442441961
2,598.0,-0.0017326749084958237,-0.0005793778900056168,-0.0015595239228076707
2,602.0,-0.0004194060553146528,-0.0007245741346508794,-0.0010669700636611879
2,606.0,-0.0007687481262905749,-0.0005923440130715107,-0.0009997510064749804
2,610.0,-0.0018927064324998355,-0.0011384177551150287,-0.0014651073168892026
2,614.0,-0.002252294849114378,-0.0013438474746010343,-0.001845068276381312
2,618.0,-0.0011972791303236363,-0.0017553030618415733,-0.0015210695838732136
2,622.0,-0.00012270045036189003,-0.0025367244825531543,-0.0009579326273438937
2,626.0,-0.0008519841919110149,-0.002562652573658397,-0.0009125859083667365
2,630.0,-0.0018388990739879318,-0.00257483511094847,-0.001252627525403227
2,634.0,-0.0020988891429567502,-0.0022578150124417107,-0.0016307019100025855
2,638.0,-0.0011716679121605011,-0.0018186694168349504,-0.0015086984999612696
2,642.0,-0.00017390730219801753,-0.0015682678641439907,-0.0011041814346555157
2,646.0,-0.0007559002465598041,-0.0010135825952204414,-0.0009938987907247565
2,650.0,-0.0016025973610709343,-0.0003240647356506088,-0.0011176369404068964
2,654.0,-0.002014086390573766,-0.001146945064633087,-0.0013391658722667898
2,658.0,-0.0011721537677260585,-0.0006971255452015157,-0.0013405820108971511
2,662.0,-0.0003035433085187833,-6.062831910469413e-05,-0.0010748490557119794
2,666.0,-0.0005597496829778947,-0.0008455648295750962,-0.001009732707231592
2,670.0,-0.00128995172603652,-0.001169195697841019,-0.0011075229230073091
2,674.0,-0.0019201646983049159,-0.0003798602298275,-0.0012697279560285324
2,678.0,-0.001147403587339113,-0.0008475077211897997,-0.0011841968568973016
2,682.0,-0.0003905760496536459,-0.0014390880934342931,-0.001034474266162988
2,686.0,-0.00021999944755179968,-0.0018809976674134532,-0.0008768278690354236
2,690.0,-0.001059947702188424,-0.0022187983894497165,-0.0010502203066096172
2,694.0,-0.0015925032108725645,-0.0019418259330592491,-0.0010480226331708309
2,698.0,-0.0011055158232267104,-0.002154664666164763,-0.0010661131177727157
2,702.0,-0.0004344955286228469,-0.0017312910426170447,-0.0009284748950761923
2,706.0,-0.0001613318494833038,-0.0017383845069076642,-0.000870204621989501
2,710.0,-0.0007175789969551261,-0.0017749439443264237,-0.0007439805421967094
2,714.0,-0.0012419145233479867,-0.001293701801458269,-0.001006239054348157
2,718.0,-0.0009008804288441752,-0.0007597129282288506,-0.0008801525498256524
2,722.0,-0.0004484635127113279,-0.0001718132749886081,-0.0008019667059784297
2,726.0,-2.9474892016878584e-05,-0.0009499438138647065,-0.0007035087808162643
2,730.0,-0.00029462486325826376,-0.0017894273864840216,-0.0008126010129814176
2,734.0,-0.0007549599121432493,-0.0012395229766042348,-0.000513067431569425
2,738.0,-0.0007201946700376993,-0.0003302199048818011,-0.0006665160639869327
2,742.0,-0.0003419567145073188,-0.00031633029243494093,-0.0007152612747631792
2,746.0,-7.770991204836264e-05,-0.0008580806093760884,-0.0006247432203849712
2,750.0,-9.294816945271123e-05,-0.001492178132536992,-0.0003477675339098596
2,754.0,-0.00018817453643293902,-0.0018612268107887076,-0.0005592199946278242
2,758.0,-0.00021430314482984159,-0.0014820094927188165,-0.0003758501711814688
2,762.0,-0.00016827635934646423,-0.0010785842778204824,-0.0003279046607218561
2,766.0,-4.0956689247195754e-05,-0.0014506619446308378,-0.00044408243856253193
2,770.0,0.00023508802352978364,-0.0014636505162712865,-0.0004917004282845028
2,774.0,0.00026529292725285814,-0.0015050487757974906,-2.250042371088057e-06
2,778.0,0.00036599044999263697,-0.0023006634159941086,-1.169014565505222e-05
2,782.0,0.0002578208600141352,-0.002094925796072289,-0.00026255585085266375
2,786.0,6.937605370183064e-05,-0.0014862949600598085,-0.00024626136415406563
2,790.0,0.0002745929021017446,-0.0010856746428942188,1.972744115619207e-05
2,794.0,0.0008629979111844932,-0.0006128822546855872,-1.9214309702419996e-05
2,798.0,0.0013507630376636826,-0.0002606755405736294,0.0002409505662939182
2,802.0,0.0008038510957248945,-0.0012033754250921902,0.00047986261627386284
2,806.0,0.00032401381993452105,-0.0019528912950335098,0.0002352370702283224
2,810.0,0.0003313011812053901,-0.00202117745341468,-0.0002125196705833332
2,814.0,0.0011961756791123435,-0.001177033310995057,0.0004318152207076764
2,818.0,0.0021885043278473404,-0.0003611057592678435,0.0010592491063050602
2,822.0,0.0018123184809155646,-0.00014856088398573775,0.0006326011279895738
2,826.0,0.0008586946071886814,-0.0006089004366884865,0.0004674656488958817
2,830.0,0.00011721450273682876,-0.0011370161391255351,0.0006761470495177946
2,834.0,0.0015703613329094424,-0.0018314245311330524,0.00086137741119785
2,838.0,0.0030835580480754743,-0.00212304151828846,0.0009413170593290943
2,842.0,0.003182730993088967,-0.0016653597253650787,0.001467096739318663
2,846.0,0.0016563640960072235,-0.0006743030825333562,0.0016175770892346009
2,850.0,0.00043431266388438416,-0.0008185573042851502,0.0007123189316047274
