stride,n_phi,n_charge,mu_MeV,spinodal_low_T_MeV,spinodal_high_T_MeV,coexistence_T_MeV
4,36,31,598.0,103.41720944959596,103.4778797780786,103.4447162028685
4,36,31,602.0,103.10700341009482,103.24901086178802,103.17036514290886
4,36,31,606.0,102.78533620225492,103.02885155510933,102.8928347538499
4,36,31,610.0,102.45425633056624,102.81852715621623,102.61245727746896
4,36,31,614.0,102.1150428355068,102.61614973397549,102.32880001445926
4,36,31,618.0,101.76831682828522,102.41607652827449,102.04133514754064
4,36,31,622.0,101.41451675038202,102.22103545569637,101.75081841667641
4,36,31,626.0,101.04702231389263,102.03109948342846,101.4550786199827
4,36,31,630.0,100.67132253506664,101.84657089953132,101.15430608976045
4,36,31,634.0,100.2905063168,101.66659668442043,100.84965450516292
4,36,31,638.0,99.90435775824736,101.48901158492858,100.54059198902844
4,36,31,642.0,99.51259274980418,101.31455189560316,100.22830014258332
4,36,31,646.0,99.11509838804544,101.14327577479384,99.91300699490469
4,36,31,650.0,98.71225685253707,100.97530968629066,99.59428688858637
4,36,31,654.0,98.30442981642396,100.81059418343999,99.27202846239418
4,36,31,658.0,97.89182603252381,100.64901475053429,98.94641048819962
4,36,31,662.0,97.47463893254574,100.4902876224377,98.61743680313694
4,36,31,666.0,97.04880552483041,100.33395771352045,98.28450875846093
4,36,31,670.0,96.61531462931913,100.18024113119309,97.94674020268104
4,36,31,674.0,96.1760674537301,100.02913214331302,97.60553082015663
4,36,31,678.0,95.73256496613105,99.88023967407025,97.26063108202878
4,36,31,682.0,95.28568522327727,99.73339051337808,96.9112100149334
4,36,31,686.0,94.83439517182394,99.58860842783076,96.55855941867571
4,36,31,690.0,94.37871400034669,99.44631118777313,96.20279200391043
4,36,31,694.0,93.91856880318885,99.30474901168324,95.84414943358948
4,36,31,698.0,93.4538207032686,99.16460345387283,95.4813523661985
4,36,31,702.0,92.98491037790343,99.02706986291803,95.11519062735324
4,36,31,706.0,92.51003962422308,98.89192217997642,94.7452235114471
4,36,31,710.0,92.02937471838972,98.75902505507086,94.37177203541202
4,36,31,714.0,91.54368842401468,98.62814759881653,93.99428242962837
4,36,31,718.0,91.05294587949165,98.49906678914886,93.61360361028119
4,36,31,722.0,90.55708752486224,98.37169245749374,93.22982540723399
4,36,31,726.0,90.05739398572905,98.24181166942037,92.8420792588979
4,36,31,730.0,89.55477858868407,98.11342925878503,92.4494161046644
4,36,31,734.0,89.04812613530993,97.98700702080647,92.05362666218127
4,36,31,738.0,88.5374192216322,97.86258551269748,91.65480171900452
4,36,31,742.0,88.02262700070271,97.74017703712843,91.25301937559283
4,36,31,746.0,87.50367993003431,97.61976721299854,90.84830911464307
4,36,31,750.0,86.97860091362587,97.50131134544061,90.4388066628383
4,36,31,754.0,86.44890075076675,97.38474018729299,90.02636768123442
4,36,31,758.0,85.91524043806837,97.27011548532666,89.61056763181614
4,36,31,762.0,85.37745180779824,97.15408264351015,89.19018929460402
4,36,31,766.0,84.83511835556453,97.03838590811353,88.7666732031654
4,36,31,770.0,84.28830358266222,96.92380862336148,88.3400817594051
4,36,31,774.0,83.7371003864082,96.81037015960008,87.91064558611104
4,36,31,778.0,83.18185308974152,96.69810006003954,87.47665862951465
4,36,31,782.0,82.62254829203533,96.58703956096488,87.03786504256598
4,36,31,786.0,82.05910364336906,96.47724247157166,86.59560334642562
4,36,31,790.0,81.4938872846389,96.36877405238417,86.15100200816748
4,36,31,794.0,80.92412170511636,96.26175352524469,85.70344559682734
4,36,31,798.0,80.3503309430868,96.15649215957595,85.25355321572367
4,36,31,802.0,79.7719426568578,96.05281091913037,84.80079816247385
4,36,31,806.0,79.18807816682138,95.94929084900956,84.34307092020244
4,36,31,810.0,78.6002542025864,95.84668475243927,83.87960161373542
4,36,31,814.0,78.00788879040576,95.74496295569321,83.4129346060752
4,36,31,818.0,77.41093798278311,95.64409182016475,82.94294192454022
4,36,31,822.0,76.80943027557034,95.54404450441129,82.46995979282788
4,36,31,826.0,76.20296976631444,95.4447985551085,81.99364212682922
4,36,31,830.0,75.59220333690828,95.34627927759288,81.51449447399563
4,36,31,834.0,74.98595875701959,95.2485451160467,81.03115859892189
4,36,31,838.0,74.37420781775027,95.15153240485786,80.54507603083103
4,36,31,842.0,73.75740258181862,95.05388818085075,80.05590546251975
4,36,31,846.0,73.13490054329746,94.95742039508639,79.56291067464613
4,36,31,850.0,72.50697354649907,94.86214188364383,79.06642385966397
2,71,61,598.0,103.42437531166458,103.47832185976033,103.4493018930963
2,71,61,602.0,103.11672366399713,103.25033761696973,103.17705178315673
2,71,61,606.0,102.79451841559423,103.03225005659995,102.90030630472944
2,71,61,610.0,102.46135305509794,102.82114699325619,102.61911287744567
2,71,61,614.0,102.11988028519025,102.61692540368252,102.33430458683603
2,71,61,618.0,101.77082224424703,102.41830299187127,102.04596897094878
2,71,61,622.0,101.41476518689784,102.2244908188327,101.75428669828113
2,71,61,626.0,101.04849219800565,102.03590635809798,101.45811482392605
2,71,61,630.0,100.6754870565327,101.85127348732797,101.157674455514
2,71,61,634.0,100.29651164523217,101.67085124290804,100.85354406801339
2,71,61,638.0,99.91178912900696,101.49430114658145,100.5459478836103
2,71,61,642.0,99.52161016955496,101.3209066430155,100.23499280775357
2,71,61,646.0,99.12295968351015,101.15116965320468,99.91987071240699
2,71,61,650.0,98.71852966413152,100.98477429123588,99.60077693419935
2,71,61,654.0,98.30900293393987,100.81982485027635,99.27795423233911
2,71,61,658.0,97.89448233261488,100.65872295983104,98.95147184975922
2,71,61,662.0,97.47514878023854,100.50076019774093,98.6216726626099
2,71,61,666.0,97.04877546422308,100.34324438375774,98.28790281991179
2,71,61,670.0,96.61675228724994,100.18891715330336,97.95027273755123
2,71,61,674.0,96.18004009471947,100.03784423285465,97.60899118668297
2,71,61,678.0,95.7388417179293,99.88793714385415,97.26418345305066
2,71,61,682.0,95.29312815873435,99.74008066017252,96.91586667779288
2,71,61,686.0,94.84165214032876,99.5944731534494,96.56388160139119
2,71,61,690.0,94.38409555676648,99.45125031042966,96.20791620082571
2,71,61,694.0,93.92248493611267,99.30999323621471,95.84856084638332
2,71,61,698.0,93.45641152758236,99.17070347886977,95.48550117482587
2,71,61,702.0,92.98613273102232,99.03310212677117,95.1190374452386
2,71,61,706.0,92.51082977562828,98.89731190743268,94.74887100768943
2,71,61,710.0,92.02967467614502,98.76298224967785,94.37517395201878
2,71,61,714.0,91.54435633174576,98.63084057013806,93.99755543770158
2,71,61,718.0,91.05495022484946,98.50061691280193,93.6166603739637
2,71,61,722.0,90.56123774191099,98.3720163688927,93.23221611049146
2,71,61,726.0,90.06320158330372,98.2432724791044,92.84418125153876
2,71,61,730.0,89.55958949055598,98.11647904271108,92.45238944996336
2,71,61,734.0,89.05162346439941,97.99184020508174,92.05746994457105
2,71,61,738.0,88.53964576336742,97.86924242531781,91.65850021889086
2,71,61,742.0,88.02356524309543,97.74723150822997,91.25613563807704
2,71,61,746.0,87.50319535431052,97.62565505059081,90.85032153012948
2,71,61,750.0,86.97796599701256,97.50554642409601,90.44118819851836
2,71,61,754.0,86.44844453437237,97.38709766395303,90.02800741245565
2,71,61,758.0,85.91474109925012,97.27053121938111,89.61168141430481
2,71,61,762.0,85.37675466357015,97.1550578627401,89.19172373685394
2,71,61,766.0,84.83460886843919,97.04046593973266,88.76799928145982
2,71,61,770.0,84.28843320511488,96.9269301499755,88.34089632865036
2,71,61,774.0,83.73773604006806,96.81445351650777,87.91077959277635
2,71,61,778.0,83.1828662234189,96.70291937051293,87.47656956048807
2,71,61,782.0,82.6237592809472,96.59281214598292,87.03872949169039
2,71,61,786.0,82.06020025326102,96.48421672019022,86.59742840334675
2,71,61,790.0,81.4930225579657,96.3768310205818,86.15305114954862
2,71,61,794.0,80.92209850792297,96.27048571498177,85.70476302768208
2,71,61,798.0,80.34657171080875,96.16486781097755,85.25316957531521
2,71,61,802.0,79.76652658403508,96.05886822563575,84.79824661071002
2,71,61,806.0,79.18202131871952,95.9544606063751,84.33904038510887
2,71,61,810.0,78.59384458474918,95.8514933591872,83.87631898250345
2,71,61,814.0,78.00288353427062,95.74991148289622,83.41104829039772
2,71,61,818.0,77.40731564263059,95.64969169984424,82.94218461954279
2,71,61,822.0,76.80693814598229,95.54990985939047,82.4688756441189
2,71,61,826.0,76.20170227251572,95.44980159931222,81.99220092255213
2,71,61,830.0,75.5919622694097,95.35059412095862,81.51237908480046
2,71,61,834.0,74.98169415290666,95.25243098820144,81.02895719385997
2,71,61,838.0,74.36641456915252,95.15541438176804,80.54196431844815
2,71,61,842.0,73.74594936365142,95.0598227499061,80.05170482075073
2,71,61,846.0,73.12030803442126,94.96536210404999,79.55775936957892
2,71,61,850.0,72.48965387051629,94.87101710464846,79.05887517515313
1,141,121,598.0,103.42610798657307,103.47890123765033,103.45086141701911
1,141,121,602.0,103.11714307005245,103.25106219110438,103.17811875322039
1,141,121,606.0,102.79528716372052,103.03284240061302,102.90130605573592
1,141,121,610.0,102.46324576153044,102.82228541101131,102.62057798476256
1,141,121,614.0,102.12213258003936,102.61826925115712,102.33614965511241
1,141,121,618.0,101.77201952337735,102.42005829493311,102.04749004053265
1,141,121,622.0,101.4148878873482,102.22702754331526,101.75524463090848
1,141,121,626.0,101.04934418219756,102.03846901067163,101.45902740983442
1,141,121,630.0,100.67732595560669,101.85384832243892,101.1589270830394
1,141,121,634.0,100.29861053437513,101.67310905792048,100.8551747699234
1,141,121,638.0,99.91296079691912,101.49611981599828,100.54745658211026
1,141,121,642.0,99.52178407685716,101.32247491087965,100.23609698918823
1,141,121,646.0,99.1237155837567,101.1521832357999,99.92086461119771
1,141,121,650.0,98.7201322614926,100.98509835597153,99.60189457113975
1,141,121,654.0,98.31101702033044,100.82097179534098,99.27929339821138
1,141,121,658.0,97.89565448638261,100.65942008537624,98.95281243177011
1,141,121,662.0,97.47545232354706,100.50082082606004,98.62274751166561
1,141,121,666.0,97.04933521390606,100.34408994858731,98.28891255261902
1,141,121,670.0,96.61804223897597,100.1900863490012,97.95138026047424
1,141,121,674.0,96.18196025941778,100.03822409308448,97.610260914639
1,141,121,678.0,95.73998912151664,99.88878465157534,97.26536764990756
1,141,121,682.0,95.293518734784,99.74151974826596,96.91690115205904
1,141,121,686.0,94.84187213977631,99.59635415111681,96.56475842926022
1,141,121,690.0,94.38515550446867,99.4534691088191,96.20896642113232
1,141,121,694.0,93.92407743932354,99.31193506214777,95.84960886901649
1,141,121,698.0,93.45751704340559,99.17285814353593,95.48656728794364
1,141,121,702.0,92.98656722655095,99.03483341781379,95.11996592013368
1,141,121,706.0,92.51099110747776,98.89905029193959,94.74974121231142
1,141,121,710.0,92.03039225514198,98.76475719362217,94.37591793256098
1,141,121,714.0,91.54559824626911,98.63213427193952,93.99856167675593
1,141,121,718.0,91.05585110527831,98.50137662573016,93.61754052651352
1,141,121,722.0,90.5616862054237,98.37218818216769,93.23301807719744
1,141,121,726.0,90.06323105819574,98.24422242291827,92.84488476031957
1,141,121,730.0,89.55988411541924,98.11826847009756,92.45320205097634
1,141,121,734.0,89.05237842431156,97.99307972805835,92.05798301200262
1,141,121,738.0,88.54036595803746,97.86957264522269,91.65916673495485
1,141,121,742.0,88.02390719980994,97.74754783852241,91.2568508993518
1,141,121,746.0,87.50327306422257,97.62651313120018,90.85094627334986
1,141,121,750.0,86.97805894518201,97.50703860222855,90.44153596605227
1,141,121,754.0,86.4486327089088,97.38895889076382,90.02856663245028
1,141,121,758.0,85.91495540239495,97.27201322887383,89.612057264476
1,141,121,762.0,85.3769229399295,97.15613644701791,89.19205164151467
1,141,121,766.0,84.83464982512844,97.04191660167729,88.76844336389838
1,141,121,770.0,84.28819811709135,96.92839380049178,88.34138802907864
1,141,121,774.0,83.7374707471408,96.81595856528357,87.91078184281872
1,141,121,778.0,83.1825002329689,96.70522003392892,87.47658125063373
1,141,121,782.0,82.62350146008718,96.59490707177899,87.03899204754124
1,141,121,786.0,82.06013087720731,96.48570301515028,86.59767466471091
1,141,121,790.0,81.4927479650636,96.3779166952247,86.15303142210746
1,141,121,794.0,80.92123551001178,96.27109859723646,85.70478224199178
1,141,121,798.0,80.34522094777108,96.16512848651813,85.25292862474892
1,141,121,802.0,79.76572273293935,96.06007160106084,84.79776674809375
1,141,121,806.0,79.18169730489959,95.95641349767013,84.33880514803865
1,141,121,810.0,78.59351328356797,95.85351453664062,83.87653150217403
1,141,121,814.0,78.00168735859151,95.75108851620722,83.41061647517701
1,141,121,818.0,77.40512713830275,95.65005280560351,82.94112537043648
1,141,121,822.0,76.80512582750137,95.55005842027445,82.4682430429909
1,141,121,826.0,76.20084357790853,95.45041049974891,81.99173345690323
1,141,121,830.0,75.59184505490697,95.35173113709774,81.51170293775094
1,141,121,834.0,74.98012379157375,95.25426241273257,81.02809581644877
1,141,121,838.0,74.36333101110445,95.15753742328633,80.54102300138882
1,141,121,842.0,73.74276663265833,95.06148810963147,80.05023772401141
1,141,121,846.0,73.11865167032525,94.96603640713252,79.55614179248968
1,141,121,850.0,72.48921955785241,94.87183566195274,79.05816285622153
