sector,mode,study,N,r_cut,Re_omega,Im_omega,distance_to_shooting,pencil_residual,eigenvalue_condition,right_overlap_previous
tensor,0,radial_resolution,64,10.0,0.9545311306342619,-0.45026952341237764,0.024596250809705414,3.656199535308488e-16,nan,nan
tensor,0,radial_resolution,80,10.0,0.9359087931639724,-0.43455305147299633,0.0012945136839424397,4.302194181548988e-16,nan,0.9999960224199242
tensor,0,radial_resolution,96,10.0,0.9366675524913125,-0.4333816789627928,0.00010656320641374981,5.200406497033382e-16,nan,0.9999995202732733
tensor,0,radial_resolution,112,10.0,0.9366842040757494,-0.4334092229334738,0.00010680838538226501,5.4825899634232e-16,nan,0.9999997862382654
tensor,0,radial_resolution,128,10.0,0.936700228458397,-0.4334146083869643,0.00012014459002447388,6.757539552057421e-16,nan,0.999999880175681
tensor,0,radial_resolution,144,10.0,0.9367052404536013,-0.4334125593895288,0.00012553586955065885,7.452670176819581e-16,nan,0.999999902500675
tensor,0,radial_resolution,160,10.0,0.9367056487743957,-0.4334120899121966,0.00012606418906127838,7.988957976073668e-16,204825.80662952818,0.9999999557188152
tensor,0,radial_domain,160,8.0,0.9367056364658735,-0.43341219731556446,0.0001260207521876446,8.563640594472608e-16,nan,nan
tensor,0,radial_domain,160,9.0,0.9367056388560272,-0.43341213347770335,0.00012604185408678038,8.026153843651473e-16,nan,0.9999999806448696
tensor,0,radial_domain,160,10.0,0.9367056487743957,-0.4334120899121966,0.00012606418906127838,7.988957976073668e-16,nan,0.999999978028043
tensor,0,radial_domain,160,11.0,0.9367056102475572,-0.4334121543596187,0.00012600835906302128,7.888924314338283e-16,nan,0.9999999648202487
tensor,0,radial_domain,160,12.0,0.9367053920722076,-0.4334124143577358,0.00012572334414508483,6.734629856697333e-16,nan,0.9999999432786609
tensor,1,radial_resolution,64,10.0,1.163153935482743,-0.5515755845181609,0.44717420948993347,3.4799367072899045e-16,nan,nan
tensor,1,radial_resolution,80,10.0,1.490870414955134,-0.5956910896854587,0.15397011350137096,4.364030013313174e-16,nan,0.999769535553784
tensor,1,radial_resolution,96,10.0,1.4504473615517308,-0.822437028693286,0.15914347791225644,4.8322853974929905e-16,nan,0.9999214331813636
tensor,1,radial_resolution,112,10.0,1.460626720654238,-0.791055587051487,0.13304490706045427,5.282267956948126e-16,nan,0.9999978282979091
tensor,1,radial_resolution,128,10.0,1.4634370971069535,-0.7915535453970385,0.13087814243205798,6.564176103485205e-16,nan,0.9999998031180756
tensor,1,radial_resolution,144,10.0,1.4635498671346279,-0.7915399052543038,0.1307744358411839,7.383305984765224e-16,nan,0.9999998480182118
tensor,1,radial_resolution,160,10.0,1.46352998714294,-0.7915031814667858,0.1307725781848398,7.822301898795936e-16,22452028.601548407,0.9999999300918024
tensor,1,radial_domain,160,8.0,1.4635316245121839,-0.7915072424825327,0.13077326398494996,8.236112336193478e-16,nan,nan
tensor,1,radial_domain,160,9.0,1.4635289302346626,-0.7915047226027092,0.13077427745578474,7.780190320748144e-16,nan,0.9999999729232126
tensor,1,radial_domain,160,10.0,1.46352998714294,-0.7915031814667858,0.1307725781848398,7.822301898795936e-16,nan,0.9999999730196955
tensor,1,radial_domain,160,11.0,1.4635367593736754,-0.7915095275643552,0.13077003718605626,7.874099806969767e-16,nan,0.9999999562542335
tensor,1,radial_domain,160,12.0,1.4635468108422214,-0.7915297696103296,0.13077183805761444,6.647105155727027e-16,nan,0.9999999260949853
tensor,2,radial_resolution,64,10.0,2.134402007711242e-12,-1.3895771833934931,0.16838523857487864,3.5486237405264997e-16,nan,nan
tensor,2,radial_resolution,80,10.0,-2.630282213080972e-11,-1.419893146099195,0.19870120127866878,4.2151562429356154e-16,nan,0.9999993094193746
tensor,2,radial_resolution,96,10.0,-1.0016755176140413e-10,-1.4578000771209771,0.23660813229875002,5.01719658331505e-16,nan,0.9999990116223239
tensor,2,radial_resolution,112,10.0,2.489504737818742e-10,-1.4740870974530391,0.2528951526302347,5.242681197989104e-16,nan,0.9999998114930156
tensor,2,radial_resolution,128,10.0,-1.2340415522092056e-10,-1.4743159389086076,0.25312399408579866,6.494099212113068e-16,nan,0.9999999817877916
tensor,2,radial_resolution,144,10.0,-3.974328649351985e-10,-1.4721038088307365,0.25091186400800336,7.230446492309207e-16,nan,0.9999999800027397
tensor,2,radial_resolution,160,10.0,-2.1366804342863864e-09,-1.4711947954927354,0.25000285067004707,7.84294126923672e-16,480078619.4884917,0.9999999911101662
tensor,2,radial_domain,160,8.0,-8.139349045929516e-09,-1.4710853921281688,0.2498934473055337,8.0265636593095e-16,nan,nan
tensor,2,radial_domain,160,9.0,-1.4449457535405693e-09,-1.4710860853503611,0.2498941405276708,7.501414997870579e-16,nan,0.9999999927237138
tensor,2,radial_domain,160,10.0,-2.1366804342863864e-09,-1.4711947954927354,0.25000285067004707,7.84294126923672e-16,nan,0.9999999949769062
tensor,2,radial_domain,160,11.0,-2.4189875830105413e-09,-1.4714639096578286,0.25027196483513353,7.282471717168411e-16,nan,0.9999999962795084
tensor,2,radial_domain,160,12.0,-1.5784394543485129e-09,-1.471910755422548,0.25071881059983087,6.605351194214959e-16,nan,0.999999996061694
vector,0,radial_resolution,64,10.0,0.8445165096368767,-0.05129746096179658,0.00037725733853558334,4.949166185693386e-16,nan,nan
vector,0,radial_resolution,80,10.0,0.8442065430128851,-0.05148052066687164,0.00012187913428073078,5.173133259854758e-16,nan,0.9998879251895166
vector,0,radial_resolution,96,10.0,0.8442676857912396,-0.051561820897286545,2.23676938066649e-05,5.966898434728415e-16,nan,0.9999821200235418
vector,0,radial_resolution,112,10.0,0.8442701963444258,-0.05158708078881387,3.256308926276559e-06,6.950244752085926e-16,nan,0.9999942553851878
vector,0,radial_resolution,128,10.0,0.8442713158423637,-0.05158268390098721,1.2817980765596706e-06,7.583715201117558e-16,nan,0.9999974392262839
vector,0,radial_resolution,144,10.0,0.8442713021521334,-0.05158411150119568,3.1566130530007945e-07,8.468785123040725e-16,nan,0.9999981151753324
vector,0,radial_resolution,160,10.0,0.844270977126794,-0.05158386936995241,9.136824278478864e-08,8.259242532922222e-16,451.1909009039675,0.9999990717749144
vector,0,radial_domain,160,8.0,0.8442706270664411,-0.051583818952971205,4.291100439396112e-07,8.558930078680233e-16,nan,nan
vector,0,radial_domain,160,9.0,0.8442703087135609,-0.051583553681611403,8.250399895579093e-07,8.744550045981825e-16,nan,0.9999996893618429
vector,0,radial_domain,160,10.0,0.844270977126794,-0.05158386936995241,9.136824278478864e-08,8.259242532922222e-16,nan,0.9999990649830574
vector,0,radial_domain,160,11.0,0.8442728220637682,-0.051585763258686745,2.5526158685460227e-06,7.681922963384349e-16,nan,0.9999983451981593
vector,0,radial_domain,160,12.0,0.8442693261157438,-0.0515813463379491,3.1051599568088325e-06,6.899882889197732e-16,nan,0.9999984626540164
vector,1,radial_resolution,64,10.0,1.4219353638387822,-0.46957126815289074,0.04640174303727731,4.474848918751854e-16,nan,nan
vector,1,radial_resolution,80,10.0,1.4372158603927763,-0.42010927562264405,0.01638521988241397,4.894408690770258e-16,nan,0.9998097482913946
vector,1,radial_resolution,96,10.0,1.447835997845102,-0.42997790268117997,0.0019803972045854368,5.824581244819335e-16,nan,0.9999802145045976
vector,1,radial_resolution,112,10.0,1.448901241766654,-0.4331170981484158,0.001401988797338109,7.299451093276518e-16,nan,0.9999931141810994
vector,1,radial_resolution,128,10.0,1.4482831801493914,-0.431340425538686,0.0006229464376824182,7.655888143649969e-16,nan,0.9999965120661962
vector,1,radial_resolution,144,10.0,1.4487810726299635,-0.4316792304825115,4.166682711397135e-05,8.93207589037941e-16,nan,0.9999975296068203
vector,1,radial_resolution,160,10.0,1.4486211234064525,-0.431739370686375,0.00015662035036492636,8.193010595285552e-16,13638.916060711568,0.9999987792382624
vector,1,radial_domain,160,8.0,1.4485974491497415,-0.431995027350991,0.0003276902988140997,9.13408517455279e-16,nan,nan
vector,1,radial_domain,160,9.0,1.4483778979488906,-0.4321411769634069,0.0005794965619083029,8.155891071608501e-16,nan,0.99999960621078
vector,1,radial_domain,160,10.0,1.4486211234064525,-0.431739370686375,0.00015662035036492636,8.193010595285552e-16,nan,0.9999989517326426
vector,1,radial_domain,160,11.0,1.4499185261140466,-0.43113650126811104,0.001282647745496652,7.161550643710539e-16,nan,0.9999981393668806
vector,1,radial_domain,160,12.0,1.4470830947707358,-0.4319216799963694,0.001705416035830992,7.022592281072082e-16,nan,0.9999980992832448
vector,2,radial_resolution,64,10.0,-1.626543005311976e-14,-0.9912501962262241,0.32356965611983807,4.059707216326998e-16,nan,nan
vector,2,radial_resolution,80,10.0,-4.3485664557938717e-14,-1.0169211458191951,0.3404452469813889,5.144016146717186e-16,nan,0.9999081909001756
vector,2,radial_resolution,96,10.0,-2.2723216409921497e-13,-1.0425126958011885,0.35830969574431326,5.725944106295468e-16,nan,0.9999815168749087
vector,2,radial_resolution,112,10.0,-5.921441887491153e-14,-1.0367769758143874,0.3542234043238457,7.823029119393749e-16,nan,0.9999949791709362
vector,2,radial_resolution,128,10.0,1.2461539846464476e-12,-1.0367298722123803,0.35419003572489327,7.424533621344866e-16,nan,0.9999982697669226
vector,2,radial_resolution,144,10.0,-4.4974565582245364e-13,-1.0347747837762262,0.35280779779143734,8.308150940681135e-16,nan,0.9999988086660501
vector,2,radial_resolution,160,10.0,1.595721529156312e-12,-1.0351871687767515,0.35309890138891886,8.050291731565899e-16,66881.91877963117,0.9999993421168124
vector,2,radial_domain,160,8.0,2.505065195084397e-12,-1.036172947945397,0.3537957425988155,8.853770636126257e-16,nan,nan
vector,2,radial_domain,160,9.0,2.3917470937645584e-12,-1.0367186875338006,0.3541821128597608,8.538099061932988e-16,nan,0.9999997765306434
vector,2,radial_domain,160,10.0,1.595721529156312e-12,-1.0351871687767515,0.35309890138891886,8.050291731565899e-16,nan,0.9999991109993103
vector,2,radial_domain,160,11.0,-1.3300277858240478e-13,-1.0316930022924256,0.35064006435274203,7.514691845972294e-16,nan,0.9999984056933354
vector,2,radial_domain,160,12.0,-4.591575394138802e-13,-1.0387635536550046,0.35563354279778475,7.229345663979619e-16,nan,0.9999983609493276
singlet,0,radial_resolution,64,10.0,0.8082106755906963,-0.09560855698501859,0.06997639253972154,4.0507334237583623e-16,nan,nan
singlet,0,radial_resolution,80,10.0,0.7607029074924354,-0.11124368544501845,0.022190023710196224,5.664227853858873e-16,nan,0.999671438468906
singlet,0,radial_resolution,96,10.0,0.7475878903246849,-0.12074274605094436,0.00742965488872967,5.723588839547477e-16,nan,0.9999557682124097
singlet,0,radial_resolution,112,10.0,0.7454084876611873,-0.1256513268525002,0.002520290501680365,6.271549262804997e-16,nan,0.9999925136475667
singlet,0,radial_resolution,128,10.0,0.7456060005415478,-0.127426470872588,0.000859088331488871,7.074842278588073e-16,nan,0.9999994557099428
singlet,0,radial_resolution,144,10.0,0.7459315550855912,-0.1279235994604902,0.00029796641258761445,7.910959746191484e-16,nan,0.9999998012619796
singlet,0,radial_resolution,160,10.0,0.7460989945210162,-0.12803447838372367,0.00010607188612682659,8.819599565389171e-16,503.22250281603766,0.9999998868529348
singlet,0,radial_domain,160,8.0,0.746172898594209,-0.12805018457284956,3.27709078099723e-05,9.074411529492987e-16,nan,nan
singlet,0,radial_domain,160,9.0,0.7461434694449185,-0.12804747248668447,6.149118215810999e-05,8.203512342970784e-16,nan,0.9999999497382339
singlet,0,radial_domain,160,10.0,0.7460989945210162,-0.12803447838372367,0.00010607188612682659,8.819599565389171e-16,nan,0.9999999352607286
singlet,0,radial_domain,160,11.0,0.7460381665235991,-0.12800441614640284,0.0001708969215534537,8.162432190282137e-16,nan,0.9999999051170465
singlet,0,radial_domain,160,12.0,0.7459614347741,-0.12794970121648777,0.0002604290774605721,8.066141455938925e-16,nan,0.9999998632240863
