T_MeV,accepted_by_residual,charge_fraction,horizon_gauge_defect,hydro_D_B_hat,hydro_omega_hat_imag,linear_residual,mode,mu_MeV,omega_hat_imag,omega_hat_real,omega_numeric_imag,omega_numeric_real,optimizer_success,phi0,primitive_constraint_maximum,qhat,sector,source_determinant_abs,source_singular_value,spinodal_fraction,trajectory
98.78638526138776,True,0.42261491543124396,1.7156290543805316e-19,-0.018287208635110297,1.8287208635110297e-06,6.0337211169236224e-18,diffusion,649.9999999997624,1.8262145014461547e-06,0.0,9.131072507230773e-07,0.0,True,3.251636030161261,1.0389124207448554e-06,0.01,helicity0,5.325342149100854e-13,4.894506672080408e-13,0.1,f0.10
98.78638526138776,True,0.42261491543124396,7.932905754297596e-20,-0.018287208635110297,7.314883454044119e-06,4.933949152094936e-18,diffusion,649.9999999997624,7.2726140006040035e-06,0.0,3.6363070003020018e-06,0.0,True,3.251636030161261,1.0388579569491583e-06,0.02,helicity0,1.5167591023412555e-12,1.3956961012440374e-12,0.1,f0.10
98.78638526138776,True,0.42261491543124396,9.255256225358894e-20,-0.018287208635110297,1.6458487771599265e-05,5.9907242139515e-18,diffusion,649.9999999997624,1.6242724128832947e-05,0.0,8.121362064416474e-06,0.0,True,3.251636030161261,1.0386749721041723e-06,0.03,helicity0,8.949356348564239e-13,8.252939154954552e-13,0.1,f0.10
98.78638526138776,True,0.42261491543124396,9.742544900079055e-20,-0.018287208635110297,4.571802158777575e-05,5.79773880417427e-18,diffusion,649.9999999997624,4.405198733424792e-05,0.0,2.202599366712396e-05,0.0,True,3.251636030161261,1.0381905381651384e-06,0.05,helicity0,2.8190153272876217e-13,2.6181268806228446e-13,0.1,f0.10
98.78638526138776,True,0.42261491543124396,5.401569947726094e-20,-0.018287208635110297,0.0001170381352647059,7.422121649871965e-18,diffusion,649.9999999997624,0.00010621047760918147,0.0,5.3105238804590733e-05,0.0,True,3.251636030161261,1.0370327435237754e-06,0.08,helicity0,6.326619437253209e-13,5.979018998245247e-13,0.1,f0.10
98.78638526138776,True,0.42261491543124396,8.844332358672354e-20,-0.018287208635110297,0.00026333580434558825,8.255165818335057e-18,diffusion,649.9999999997624,0.0002095790476257249,0.0,0.00010478952381286245,0.0,True,3.251636030161261,1.0346296919469265e-06,0.12,helicity0,3.2234405252459247e-13,3.1651165862819483e-13,0.1,f0.10
98.78638526138776,True,0.42261491543124396,2.937268693079093e-20,-0.018287208635110297,0.0004681525410588236,7.776400511888493e-18,diffusion,649.9999999997624,0.000302767480955088,0.0,0.000151383740477544,0.0,True,3.251636030161261,1.031364380732745e-06,0.16,helicity0,7.823167084218682e-13,8.105378925566826e-13,0.1,f0.10
98.78638526138776,True,0.42261491543124396,6.884566375074603e-20,-0.018287208635110297,0.000731488345404412,1.0165480287905704e-17,diffusion,649.9999999997624,0.0003409137216053238,0.0,0.0001704568608026619,0.0,True,3.251636030161261,1.0273311209277155e-06,0.2,helicity0,3.9574117524707937e-13,4.385534719944134e-13,0.1,f0.10
98.78638526138776,True,0.42261491543124396,1.2982235248220337e-19,-0.018287208635110297,0.001053343217382353,1.050377654744926e-17,diffusion,649.9999999997624,0.0002740838871010889,0.0,0.00013704194355054444,0.0,True,3.251636030161261,1.0224286124507507e-06,0.24,helicity0,2.9753820588118497e-13,3.554113338339073e-13,0.1,f0.10
98.78638526138776,True,0.42261491543124396,6.288455018004875e-20,-0.018287208635110297,0.0012362153037334563,1.3725200248316314e-17,diffusion,649.9999999997624,0.00018518121231155817,0.0,9.259060615577909e-05,0.0,True,3.251636030161261,1.0197743983935362e-06,0.26,helicity0,1.2090682708530023e-13,1.5016877361845599e-13,0.1,f0.10
98.78638526138776,True,0.42261491543124396,1.4397120403426912e-19,-0.018287208635110297,0.0014337171569926475,1.0056300482965553e-17,diffusion,649.9999999997624,5.0744632668267744e-05,0.0,2.5372316334133872e-05,0.0,True,3.251636030161261,1.016981422579263e-06,0.28,helicity0,2.522948397258027e-13,3.2661164371397483e-13,0.1,f0.10
98.78638526138776,True,0.42261491543124396,8.778084910464217e-20,-0.018287208635110297,0.0016458487771599266,1.2278045919900681e-17,diffusion,649.9999999997624,-0.00013547240268509068,-0.0,-6.773620134254534e-05,-0.0,True,3.251636030161261,1.0138868009898593e-06,0.3,helicity0,1.9354109293880201e-13,2.6055744481797336e-13,0.1,f0.10
98.78638526138776,True,0.42261491543124396,8.738905221196373e-20,-0.018287208635110297,0.0018726101642352944,1.0783995017615543e-17,diffusion,649.9999999997624,-0.00037952465345479164,-0.0,-0.00018976232672739582,-0.0,True,3.251636030161261,1.0108860312911949e-06,0.32,helicity0,2.218127260877675e-13,3.1083490268468884e-13,0.1,f0.10
98.78638526138776,True,0.42261491543124396,7.226298893765061e-20,-0.018287208635110297,0.0023700222391102943,2.3816009469989738e-17,diffusion,649.9999999997624,-0.001064170030371984,-0.0,-0.000532085015185992,-0.0,True,3.251636030161261,1.0042382046491408e-06,0.36,helicity0,4.7807563002508114e-14,7.308798479168812e-14,0.1,f0.10
98.78638526138776,True,0.42261491543124396,7.400256961635736e-20,-0.018287208635110297,0.002925953381617648,1.5844912113276893e-17,diffusion,649.9999999997624,-0.0020465644801539004,-0.0,-0.0010232822400769502,-0.0,True,3.251636030161261,9.971258567414437e-07,0.4,helicity0,5.1530635476298805e-14,8.584871287287322e-14,0.1,f0.10
98.78638526138776,True,0.42261491543124396,7.433497434068578e-20,-0.018287208635110297,0.003225863603233456,1.0214885337199893e-17,diffusion,649.9999999997624,-0.0026617249034407444,-0.0,-0.0013308624517203722,-0.0,True,3.251636030161261,9.932476415544879e-07,0.42,helicity0,2.2267647257620314e-13,3.919034632677198e-13,0.1,f0.10
98.78638526138776,True,0.42261491543124396,1.3745424330597563e-19,-0.018287208635110297,0.0037031597486098353,1.2380952463641333e-17,diffusion,649.9999999997624,-0.003751926236689339,-0.0,-0.0018759631183446696,-0.0,True,3.251636030161261,9.872713600461315e-07,0.45,helicity0,3.356802069324389e-13,6.428741013753705e-13,0.1,f0.10
98.78638526138776,True,0.42261491543124396,2.348728975344005e-20,-0.018287208635110297,0.004571802158777574,1.1914861216464155e-17,diffusion,649.9999999997624,-0.006048375904852326,-0.0,-0.003024187952426163,-0.0,True,3.251636030161261,9.768196686818356e-07,0.5,helicity0,2.2235429983560135e-13,5.02439595877821e-13,0.1,f0.10
98.78638526138776,True,0.42261491543124396,1.225253950975008e-19,-0.018287208635110297,0.006583395108639706,1.006110127324998e-17,diffusion,649.9999999997624,-0.012624230028824329,-0.0,-0.006312115014412164,-0.0,True,3.251636030161261,9.533996090596046e-07,0.6,helicity0,6.453159605722013e-14,2.132728495745531e-13,0.1,f0.10
99.9403406997832,True,0.3702295161595172,4.480708040261756e-20,-0.03895331164241223,3.895331164241224e-06,6.3053027546455684e-18,diffusion,650.0000000001171,3.892158646075351e-06,0.0,1.9460793230376755e-06,0.0,True,3.532652625782894,8.406805851825756e-07,0.01,helicity0,3.469021063256992e-12,2.09974315145139e-12,0.5,f0.50
99.9403406997832,True,0.3702295161595172,4.6397378415972415e-20,-0.03895331164241223,1.5581324656964895e-05,5.698073685128518e-18,diffusion,650.0000000001171,1.552998706489976e-05,0.0,7.76499353244988e-06,0.0,True,3.532652625782894,8.406310218897824e-07,0.02,helicity0,1.0283896806974145e-11,6.2411026027616394e-12,0.5,f0.50
99.9403406997832,True,0.3702295161595172,3.724518012279049e-20,-0.03895331164241223,3.505798047817101e-05,6.604873043415118e-18,diffusion,650.0000000001171,3.479790278171483e-05,0.0,1.7398951390857414e-05,0.0,True,3.532652625782894,8.406159693088722e-07,0.03,helicity0,2.720522041583472e-13,1.6585931390548068e-13,0.5,f0.50
99.9403406997832,True,0.3702295161595172,2.811314123366877e-20,-0.03895331164241223,9.73832791060306e-05,7.385852902138321e-18,diffusion,650.0000000001171,9.53831267703066e-05,0.0,4.76915633851533e-05,0.0,True,3.532652625782894,8.404532601926625e-07,0.05,helicity0,1.8933401340210276e-12,1.1705775903130905e-12,0.5,f0.50
99.9403406997832,True,0.3702295161595172,4.1809674004317674e-20,-0.03895331164241223,0.0002493011945114383,9.524435073453156e-18,diffusion,650.0000000001171,0.0002363274721752609,0.0,0.00011816373608763045,0.0,True,3.532652625782894,8.400839115495467e-07,0.08,helicity0,9.79047164888578e-12,6.272757678742041e-12,0.5,f0.50
99.9403406997832,True,0.3702295161595172,3.3726691386148743e-20,-0.03895331164241223,0.0005609276876507362,8.355963891022443e-18,diffusion,650.0000000001171,0.0004966280559910215,0.0,0.00024831402799551077,0.0,True,3.532652625782894,8.392870654855682e-07,0.12,helicity0,2.6499156153186716e-12,1.830154843632116e-12,0.5,f0.50
99.9403406997832,True,0.3702295161595172,6.708549821443688e-20,-0.03895331164241223,0.0009972047780457533,7.64511649771638e-18,diffusion,650.0000000001171,0.0007997464507212487,0.0,0.00039987322536062434,0.0,True,3.532652625782894,8.381446719929005e-07,0.16,helicity0,1.4180577317651714e-12,1.0856661828441277e-12,0.5,f0.50
99.9403406997832,True,0.3702295161595172,7.503251300202831e-20,-0.03895331164241223,0.0015581324656964897,1.3737556551585334e-17,diffusion,650.0000000001171,0.00109275676145603,0.0,0.000546378380728015,0.0,True,3.532652625782894,8.367729289325743e-07,0.2,helicity0,5.2191330881401e-13,4.513452806847055e-13,0.5,f0.50
99.9403406997832,True,0.3702295161595172,7.795439358561462e-20,-0.03895331164241223,0.0022437107506029447,9.854027216674207e-18,diffusion,650.0000000001171,0.001317223071139667,0.0,0.0006586115355698335,0.0,True,3.532652625782894,8.350827929723924e-07,0.24,helicity0,8.703128182748709e-13,8.585206230256789e-13,0.5,f0.50
99.9403406997832,True,0.3702295161595172,3.692415797923035e-20,-0.03895331164241223,0.0026332438670270673,1.3696301334463856e-17,diffusion,650.0000000001171,0.0013850293547524423,0.0,0.0006925146773762212,0.0,True,3.532652625782894,8.34083435135243e-07,0.26,helicity0,7.943647977652544e-13,8.392717122893401e-13,0.5,f0.50
99.9403406997832,True,0.3702295161595172,5.3152245603686515e-20,-0.03895331164241223,0.0030539396327651193,1.1589435180516903e-17,diffusion,650.0000000001171,0.0014133632042337722,0.0,0.0007066816021168861,0.0,True,3.532652625782894,8.330987519264372e-07,0.28,helicity0,1.3967461197767354e-12,1.583950586542805e-12,0.5,f0.50
99.9403406997832,True,0.3702295161595172,8.950447897018483e-20,-0.03895331164241223,0.0035057980478171006,1.5487858130086156e-17,diffusion,650.0000000001171,0.0013950601974710907,0.0,0.0006975300987355454,0.0,True,3.532652625782894,8.320466249408883e-07,0.3,helicity0,3.74785169051854e-13,4.57526046185973e-13,0.5,f0.50
99.9403406997832,True,0.3702295161595172,4.894501861369298e-20,-0.03895331164241223,0.003988819112183013,1.1582145004072646e-17,diffusion,650.0000000001171,0.0013232054321380379,0.0,0.0006616027160690189,0.0,True,3.532652625782894,8.309005529318584e-07,0.32,helicity0,3.72516393483568e-13,4.910356649091834e-13,0.5,f0.50
99.9403406997832,True,0.3702295161595172,6.59906984174816e-20,-0.03895331164241223,0.005048349188856625,1.1567098878211974e-17,diffusion,650.0000000001171,0.000992675332135384,0.0,0.000496337666067692,0.0,True,3.532652625782894,8.284228160992514e-07,0.36,helicity0,4.883229935553115e-13,7.614114937784811e-13,0.5,f0.50
99.9403406997832,True,0.3702295161595172,2.5999210766445284e-20,-0.03895331164241223,0.006232529862785959,1.3618161769625747e-17,diffusion,650.0000000001171,0.00037275903460632785,0.0,0.00018637951730316393,0.0,True,3.532652625782894,8.257311192179975e-07,0.4,helicity0,1.1950851456151046e-12,2.2462133777613255e-12,0.5,f0.50
99.9403406997832,True,0.3702295161595172,5.391922950440819e-20,-0.03895331164241223,0.006871364173721517,9.551243811860394e-18,diffusion,650.0000000001171,-5.9526607949372104e-05,-0.0,-2.9763303974686052e-05,-0.0,True,3.532652625782894,8.242326735022114e-07,0.42,helicity0,9.007833810555932e-13,1.8704923570216395e-12,0.5,f0.50
99.9403406997832,True,0.3702295161595172,1.4660198103144084e-20,-0.03895331164241223,0.007888045607588478,9.489502366983949e-18,diffusion,650.0000000001171,-0.0008748038587317581,-0.0,-0.00043740192936587904,-0.0,True,3.532652625782894,8.219441684799145e-07,0.45,helicity0,2.1830432861989666e-13,5.291891741938683e-13,0.5,f0.50
99.9403406997832,True,0.3702295161595172,4.939078255043507e-20,-0.03895331164241223,0.009738327910603058,1.326348577680373e-17,diffusion,650.0000000001171,-0.0027149308968350966,-0.0,-0.0013574654484175483,-0.0,True,3.532652625782894,8.176790755119581e-07,0.5,helicity0,4.910705802041134e-13,1.5428967435589117e-12,0.5,f0.50
99.9403406997832,True,0.3702295161595172,9.201325154939403e-20,-0.03895331164241223,0.014023192191268402,8.38419308807002e-18,diffusion,650.0000000001171,-0.008402995512989661,-0.0,-0.0042014977564948305,-0.0,True,3.532652625782894,8.077635330345572e-07,0.6,helicity0,2.3140075131447323e-13,1.1650209312494717e-12,0.5,f0.50
100.92380572111027,True,0.3100386529765798,1.0096235701431537e-20,-0.010596330542434213,1.0596330542434214e-06,5.8563076525370085e-18,diffusion,649.999999999776,1.0572143274017759e-06,0.0,5.286071637008879e-07,0.0,True,3.813669221404527,6.23448108017783e-07,0.01,helicity0,7.296312400584466e-11,2.0577498462551086e-11,0.9,f0.90
100.92380572111027,True,0.3100386529765798,3.3820197724822464e-20,-0.010596330542434213,4.238532216973686e-06,6.673911367925974e-18,diffusion,649.999999999776,4.199874890712029e-06,0.0,2.0999374453560145e-06,0.0,True,3.813669221404527,6.234583685953201e-07,0.02,helicity0,1.763345907292344e-10,5.003009010841375e-11,0.9,f0.90
100.92380572111027,True,0.3100386529765798,2.123562784661597e-20,-0.010596330542434213,9.536697488190792e-06,1.351102672263004e-17,diffusion,649.999999999776,9.341427831714569e-06,0.0,4.670713915857284e-06,0.0,True,3.813669221404527,6.234822862084225e-07,0.03,helicity0,1.7626188881841958e-10,5.0518013005654355e-11,0.9,f0.90
100.92380572111027,True,0.3100386529765798,3.002877054159101e-20,-0.010596330542434213,2.6490826356085538e-05,1.1431389843923501e-17,diffusion,649.999999999776,2.498827413672315e-05,0.0,1.2494137068361575e-05,0.0,True,3.813669221404527,6.234593845697928e-07,0.05,helicity0,1.0848880174939731e-10,3.214175925340106e-11,0.9,f0.90
100.92380572111027,True,0.3100386529765798,3.389346952110205e-20,-0.010596330542434213,6.781651547157897e-05,8.055216084729986e-18,diffusion,649.999999999776,5.8057049472366894e-05,0.0,2.9028524736183447e-05,0.0,True,3.813669221404527,6.235135528011759e-07,0.08,helicity0,1.0320140264455029e-10,3.324261832847705e-11,0.9,f0.90
100.92380572111027,True,0.3100386529765798,3.2812783679502186e-20,-0.010596330542434213,0.00015258715981105266,8.108965865154168e-18,diffusion,649.999999999776,0.0001040537834062054,0.0,5.20268917031027e-05,0.0,True,3.813669221404527,6.23555199049852e-07,0.12,helicity0,2.490025793720524e-11,9.52311789092377e-12,0.9,f0.90
100.92380572111027,True,0.3100386529765798,2.8825175461750246e-20,-0.010596330542434213,0.0002712660618863159,1.19798275037823e-17,diffusion,649.999999999776,0.00012157257790855498,0.0,6.078628895427749e-05,0.0,True,3.813669221404527,6.236233256670541e-07,0.16,helicity0,4.548258849985567e-11,2.1714802854155294e-11,0.9,f0.90
100.92380572111027,True,0.3100386529765798,1.7426933950187637e-20,-0.010596330542434213,0.0004238532216973686,9.591856286716382e-18,diffusion,649.999999999776,6.921076113813528e-05,0.0,3.460538056906764e-05,0.0,True,3.813669221404527,6.236454067625639e-07,0.2,helicity0,1.9131915605102797e-11,1.1734180950139625e-11,0.9,f0.90
100.92380572111027,True,0.3100386529765798,2.798787103717633e-20,-0.010596330542434213,0.0006103486392442107,8.632639744044772e-18,diffusion,649.999999999776,-9.97133120883534e-05,-0.0,-4.98566560441767e-05,-0.0,True,3.813669221404527,6.236585261313062e-07,0.24,helicity0,4.9512972111444846e-12,3.973384445158666e-12,0.9,f0.90
100.92380572111027,True,0.3100386529765798,4.5580037526822797e-20,-0.010596330542434213,0.0007163119446685529,1.2008722228714468e-17,diffusion,649.999999999776,-0.00024314832305098624,-0.0,-0.00012157416152549312,-0.0,True,3.813669221404527,6.236479680902443e-07,0.26,helicity0,7.698982669954164e-12,7.107856703134232e-12,0.9,f0.90
100.92380572111027,True,0.3100386529765798,2.2526530604612507e-20,-0.010596330542434213,0.0008307523145268424,1.355756541319045e-17,diffusion,649.999999999776,-0.0004340745168767435,-0.0,-0.00021703725843837175,-0.0,True,3.813669221404527,6.236309899423622e-07,0.28,helicity0,1.1534097397368045e-11,1.2290983937526279e-11,0.9,f0.90
100.92380572111027,True,0.3100386529765798,6.480246022208113e-20,-0.010596330542434213,0.0009536697488190791,1.3489445197444202e-17,diffusion,649.999999999776,-0.0006785187524181992,-0.0,-0.0003392593762090996,-0.0,True,3.813669221404527,6.235795052518713e-07,0.3,helicity0,4.674126763819029e-12,5.762713488603695e-12,0.9,f0.90
100.92380572111027,True,0.3100386529765798,1.3836703885878777e-20,-0.010596330542434213,0.0010850642475452635,9.86393544046021e-18,diffusion,649.999999999776,-0.0009823656242480348,-0.0,-0.0004911828121240174,-0.0,True,3.813669221404527,6.235064586716205e-07,0.32,helicity0,1.0591565074254069e-11,1.5128068545038013e-11,0.9,f0.90
100.92380572111027,True,0.3100386529765798,1.3286915242145693e-20,-0.010596330542434213,0.001373284438299474,8.849534285526947e-18,diffusion,649.999999999776,-0.0017908552637736596,-0.0,-0.0008954276318868298,-0.0,True,3.813669221404527,6.232843105909472e-07,0.36,helicity0,3.183493301346525e-12,6.09625590197956e-12,0.9,f0.90
100.92380572111027,True,0.3100386529765798,1.452445959752795e-20,-0.010596330542434213,0.0016954128867894744,9.683105347896318e-18,diffusion,649.999999999776,-0.0029022971382239877,-0.0,-0.0014511485691119938,-0.0,True,3.813669221404527,6.229588193785751e-07,0.4,helicity0,1.2308306668915091e-11,3.1289643070204e-11,0.9,f0.90
100.92380572111027,True,0.3100386529765798,2.2491562285229507e-20,-0.010596330542434213,0.0018691927076853949,9.067054762016188e-18,diffusion,649.999999999776,-0.0035838819105879307,-0.0,-0.0017919409552939654,-0.0,True,3.813669221404527,6.227289175087231e-07,0.42,helicity0,2.307433892666483e-12,6.717321476262599e-12,0.9,f0.90
100.92380572111027,True,0.3100386529765798,2.6846274352464962e-20,-0.010596330542434213,0.0021457569348429283,8.483629854217051e-18,diffusion,649.999999999776,-0.004776088753096,-0.0,-0.002388044376548,-0.0,True,3.813669221404527,6.22354046959896e-07,0.45,helicity0,2.4741244223392836e-12,8.743980222985133e-12,0.9,f0.90
100.92380572111027,True,0.3100386529765798,5.666170025220229e-20,-0.010596330542434213,0.0026490826356085533,8.15003731682078e-18,diffusion,649.999999999776,-0.007249127317931678,-0.0,-0.003624563658965839,-0.0,True,3.813669221404527,6.215323336626223e-07,0.5,helicity0,7.533498753146736e-13,3.575344264356506e-12,0.9,f0.90
100.92380572111027,True,0.3100386529765798,2.1977054193392724e-20,-0.010596330542434213,0.0038146789952763164,8.366194563841649e-18,diffusion,649.999999999776,-0.014204273608182893,-0.0,-0.007102136804091446,-0.0,True,3.813669221404527,6.189354419325548e-07,0.6,helicity0,1.2172459428194624e-12,9.3164223859183e-12,0.9,f0.90
